year,community,num_stations_in_comm,season,peak_hour,day,avg_daily_emptiness,avg_daily_bike_avail
2013,ARMOUR SQUARE,1,Fall,No,1,53.76321353,6.911205074
2013,ARMOUR SQUARE,1,Fall,No,10,46.64189189,8.033783784
2013,ARMOUR SQUARE,1,Fall,No,11,43.60027855,8.431754875
2013,ARMOUR SQUARE,1,Fall,No,12,62.58949416,5.616731518
2013,ARMOUR SQUARE,1,Fall,No,13,60.2122093,5.968023256
2013,ARMOUR SQUARE,1,Fall,No,14,65.52839931,5.153184165
2013,ARMOUR SQUARE,1,Fall,No,15,69.91162791,4.481395349
2013,ARMOUR SQUARE,1,Fall,No,16,64.49560117,5.331378299
2013,ARMOUR SQUARE,1,Fall,No,17,71.74685535,4.275157233
2013,ARMOUR SQUARE,1,Fall,No,18,74.02412869,3.932975871
2013,ARMOUR SQUARE,1,Fall,No,19,47.82741117,7.827411168
2013,ARMOUR SQUARE,1,Fall,No,2,49.76515152,7.553030303
2013,ARMOUR SQUARE,1,Fall,No,20,63.97311828,5.38172043
2013,ARMOUR SQUARE,1,Fall,No,21,62.53333333,5.584615385
2013,ARMOUR SQUARE,1,Fall,No,22,66.32065217,4.929347826
2013,ARMOUR SQUARE,1,Fall,No,23,65.44767442,5.087209302
2013,ARMOUR SQUARE,1,Fall,No,24,48.77639752,7.652173913
2013,ARMOUR SQUARE,1,Fall,No,25,41.39263804,8.760736196
2013,ARMOUR SQUARE,1,Fall,No,26,47.25414365,7.906077348
2013,ARMOUR SQUARE,1,Fall,No,27,55.04444444,6.727777778
2013,ARMOUR SQUARE,1,Fall,No,28,49.06666667,7.630769231
2013,ARMOUR SQUARE,1,Fall,No,29,51.02030457,7.360406091
2013,ARMOUR SQUARE,1,Fall,No,3,37.75280899,9.320224719
2013,ARMOUR SQUARE,1,Fall,No,30,69.01530612,4.678571429
2013,ARMOUR SQUARE,1,Fall,No,31,50.32727273,7.418181818
2013,ARMOUR SQUARE,1,Fall,No,4,61.35595777,5.793363499
2013,ARMOUR SQUARE,1,Fall,No,5,76.14480409,3.562180579
2013,ARMOUR SQUARE,1,Fall,No,6,74.40370899,3.848787447
2013,ARMOUR SQUARE,1,Fall,No,7,48.69680851,7.695035461
2013,ARMOUR SQUARE,1,Fall,No,8,55.21452145,6.702970297
2013,ARMOUR SQUARE,1,Fall,No,9,49.57142857,7.589285714
2013,ARMOUR SQUARE,1,Fall,Yes,1,57.04225352,6.457746479
2013,ARMOUR SQUARE,1,Fall,Yes,10,47.01357466,7.958144796
2013,ARMOUR SQUARE,1,Fall,Yes,11,37.7870257,9.313341493
2013,ARMOUR SQUARE,1,Fall,Yes,12,60.21129707,5.991631799
2013,ARMOUR SQUARE,1,Fall,Yes,13,51.09090909,7.338983051
2013,ARMOUR SQUARE,1,Fall,Yes,14,77.5396619,3.360208062
2013,ARMOUR SQUARE,1,Fall,Yes,15,60.26630435,5.960144928
2013,ARMOUR SQUARE,1,Fall,Yes,16,54.83359498,6.791208791
2013,ARMOUR SQUARE,1,Fall,Yes,17,65.73533084,5.148564295
2013,ARMOUR SQUARE,1,Fall,Yes,18,56.78716216,6.493243243
2013,ARMOUR SQUARE,1,Fall,Yes,19,41.11304348,8.839130435
2013,ARMOUR SQUARE,1,Fall,Yes,2,53.74025974,6.948051948
2013,ARMOUR SQUARE,1,Fall,Yes,20,59.78034682,6.040462428
2013,ARMOUR SQUARE,1,Fall,Yes,21,59.83189655,5.995689655
2013,ARMOUR SQUARE,1,Fall,Yes,22,63.51442308,5.326923077
2013,ARMOUR SQUARE,1,Fall,Yes,23,61.24752475,5.693069307
2013,ARMOUR SQUARE,1,Fall,Yes,24,41.25668449,8.796791444
2013,ARMOUR SQUARE,1,Fall,Yes,25,49.27745665,7.601156069
2013,ARMOUR SQUARE,1,Fall,Yes,26,44.33944954,8.339449541
2013,ARMOUR SQUARE,1,Fall,Yes,27,52.90134529,7.058295964
2013,ARMOUR SQUARE,1,Fall,Yes,28,50.53218884,7.412017167
2013,ARMOUR SQUARE,1,Fall,Yes,29,46.32034632,8.038961039
2013,ARMOUR SQUARE,1,Fall,Yes,3,56.60500695,6.509040334
2013,ARMOUR SQUARE,1,Fall,Yes,30,62.80869565,5.591304348
2013,ARMOUR SQUARE,1,Fall,Yes,31,42.81818182,8.560606061
2013,ARMOUR SQUARE,1,Fall,Yes,4,56.05531915,6.575886525
2013,ARMOUR SQUARE,1,Fall,Yes,5,53.57307692,6.951282051
2013,ARMOUR SQUARE,1,Fall,Yes,6,70.16413374,4.484802432
2013,ARMOUR SQUARE,1,Fall,Yes,7,44.13076923,8.381538462
2013,ARMOUR SQUARE,1,Fall,Yes,8,47.43504902,7.886029412
2013,ARMOUR SQUARE,1,Fall,Yes,9,45.20819672,8.21147541
2013,ARMOUR SQUARE,1,Summer,No,10,67,5
2013,ARMOUR SQUARE,1,Summer,No,12,63.79545455,5.45
2013,ARMOUR SQUARE,1,Summer,No,13,62.34983498,5.633663366
2013,ARMOUR SQUARE,1,Summer,No,14,64.065,5.376666667
2013,ARMOUR SQUARE,1,Summer,No,15,77.97879282,3.288743883
2013,ARMOUR SQUARE,1,Summer,No,16,55.74140753,6.656301146
2013,ARMOUR SQUARE,1,Summer,No,17,32.15143603,10.15926893
2013,ARMOUR SQUARE,1,Summer,No,29,45.70484581,8.136563877
2013,ARMOUR SQUARE,1,Summer,No,30,56.12417219,6.556291391
2013,ARMOUR SQUARE,1,Summer,No,31,62.77232925,5.591943958
2013,ARMOUR SQUARE,1,Summer,No,7,52.94366197,7.009389671
2013,ARMOUR SQUARE,1,Summer,No,8,53.30909091,6.955844156
2013,ARMOUR SQUARE,1,Summer,No,9,65.28959276,5.248868778
2013,ARMOUR SQUARE,1,Summer,Yes,10,74.82984293,3.814136126
2013,ARMOUR SQUARE,1,Summer,Yes,12,74.63103448,3.817241379
2013,ARMOUR SQUARE,1,Summer,Yes,13,66.08201439,5.070503597
2013,ARMOUR SQUARE,1,Summer,Yes,14,62.73571429,5.607142857
2013,ARMOUR SQUARE,1,Summer,Yes,15,58.26213592,6.241331484
2013,ARMOUR SQUARE,1,Summer,Yes,16,66.48010974,5.0521262
2013,ARMOUR SQUARE,1,Summer,Yes,17,62.08894231,5.699519231
2013,ARMOUR SQUARE,1,Summer,Yes,29,38.34867257,9.249557522
2013,ARMOUR SQUARE,1,Summer,Yes,30,42.52840909,8.599431818
2013,ARMOUR SQUARE,1,Summer,Yes,31,51.88629283,7.23364486
2013,ARMOUR SQUARE,1,Summer,Yes,6,73.38755981,3.995215311
2013,ARMOUR SQUARE,1,Summer,Yes,7,62.80650685,5.561643836
2013,ARMOUR SQUARE,1,Summer,Yes,8,49.70264766,7.539714868
2013,ARMOUR SQUARE,1,Summer,Yes,9,58.12048193,6.289156627
2013,ARMOUR SQUARE,1,Winter,No,1,66.33333333,5.095238095
2013,ARMOUR SQUARE,1,Winter,No,10,59.3125,6.109375
2013,ARMOUR SQUARE,1,Winter,No,11,41.125,8.828125
2013,ARMOUR SQUARE,1,Winter,No,12,73,4
2013,ARMOUR SQUARE,1,Winter,No,13,73,4
2013,ARMOUR SQUARE,1,Winter,No,15,56.45454545,6.545454545
2013,ARMOUR SQUARE,1,Winter,No,16,60,6
2013,ARMOUR SQUARE,1,Winter,No,17,60,6
2013,ARMOUR SQUARE,1,Winter,No,18,60.21212121,5.96969697
2013,ARMOUR SQUARE,1,Winter,No,19,60.51515152,5.924242424
2013,ARMOUR SQUARE,1,Winter,No,20,57.66666667,6.333333333
2013,ARMOUR SQUARE,1,Winter,No,21,53.11111111,6.984126984
2013,ARMOUR SQUARE,1,Winter,No,22,53.63636364,6.909090909
2013,ARMOUR SQUARE,1,Winter,No,3,54.75,6.75
2013,ARMOUR SQUARE,1,Winter,No,4,58.06153846,6.276923077
2013,ARMOUR SQUARE,1,Winter,No,5,63.390625,5.515625
2013,ARMOUR SQUARE,1,Winter,No,6,63.18181818,5.545454545
2013,ARMOUR SQUARE,1,Winter,No,7,71.72727273,4.272727273
2013,ARMOUR SQUARE,1,Winter,No,8,80,3
2013,ARMOUR SQUARE,1,Winter,No,9,80,3
2013,ARMOUR SQUARE,1,Winter,Yes,10,46.32467532,8.064935065
2013,ARMOUR SQUARE,1,Winter,Yes,11,60.64935065,5.87012987
2013,ARMOUR SQUARE,1,Winter,Yes,12,73,4
2013,ARMOUR SQUARE,1,Winter,Yes,13,62.94117647,5.558823529
2013,ARMOUR SQUARE,1,Winter,Yes,16,59.63157895,6.052631579
2013,ARMOUR SQUARE,1,Winter,Yes,17,60,6
2013,ARMOUR SQUARE,1,Winter,Yes,18,56.45454545,6.506493506
2013,ARMOUR SQUARE,1,Winter,Yes,19,58.18181818,6.25974026
2013,ARMOUR SQUARE,1,Winter,Yes,20,59.38666667,6.093333333
2013,ARMOUR SQUARE,1,Winter,Yes,21,53.09090909,6.987012987
2013,ARMOUR SQUARE,1,Winter,Yes,3,50.54545455,7.418181818
2013,ARMOUR SQUARE,1,Winter,Yes,4,54.90909091,6.74025974
2013,ARMOUR SQUARE,1,Winter,Yes,5,65.34615385,5.230769231
2013,ARMOUR SQUARE,1,Winter,Yes,6,56.19736842,6.552631579
2013,ARMOUR SQUARE,1,Winter,Yes,7,73.37662338,4
2013,ARMOUR SQUARE,1,Winter,Yes,8,80,3
2013,ARMOUR SQUARE,1,Winter,Yes,9,77.05263158,3.421052632
2013,KENWOOD,1,Fall,No,1,42.24524313,8.549682875
2013,KENWOOD,1,Fall,No,10,72.14054054,4.152702703
2013,KENWOOD,1,Fall,No,11,76.29108635,3.562674095
2013,KENWOOD,1,Fall,No,12,82.86770428,2.554474708
2013,KENWOOD,1,Fall,No,13,77.15988372,3.412790698
2013,KENWOOD,1,Fall,No,14,74.93287435,3.65404475
2013,KENWOOD,1,Fall,No,15,63.12093023,5.430232558
2013,KENWOOD,1,Fall,No,16,63.3255132,5.381231672
2013,KENWOOD,1,Fall,No,17,61.31603774,5.702830189
2013,KENWOOD,1,Fall,No,18,51.88203753,6.965147453
2013,KENWOOD,1,Fall,No,19,56.50761421,6.203045685
2013,KENWOOD,1,Fall,No,2,65.0530303,4.810606061
2013,KENWOOD,1,Fall,No,20,58.00537634,5.876344086
2013,KENWOOD,1,Fall,No,21,59.64615385,5.435897436
2013,KENWOOD,1,Fall,No,22,61.42934783,5.282608696
2013,KENWOOD,1,Fall,No,23,59.18023256,5.662790698
2013,KENWOOD,1,Fall,No,24,57.78881988,5.875776398
2013,KENWOOD,1,Fall,No,25,57.28834356,5.736196319
2013,KENWOOD,1,Fall,No,26,53.9281768,6.038674033
2013,KENWOOD,1,Fall,No,27,56.52222222,5.85
2013,KENWOOD,1,Fall,No,28,66.7025641,4.625641026
2013,KENWOOD,1,Fall,No,29,64.76649746,5.025380711
2013,KENWOOD,1,Fall,No,3,46.86797753,7.907303371
2013,KENWOOD,1,Fall,No,30,61.90816327,5.5
2013,KENWOOD,1,Fall,No,31,58.21818182,6.254545455
2013,KENWOOD,1,Fall,No,4,36.7254902,9.472096531
2013,KENWOOD,1,Fall,No,5,51.51959114,7.197614991
2013,KENWOOD,1,Fall,No,6,54.80741797,6.708987161
2013,KENWOOD,1,Fall,No,7,58.72695035,6.113475177
2013,KENWOOD,1,Fall,No,8,61.01980198,5.788778878
2013,KENWOOD,1,Fall,No,9,69.16071429,4.598214286
2013,KENWOOD,1,Fall,Yes,1,67.20422535,4.521126761
2013,KENWOOD,1,Fall,Yes,10,73.57466063,3.923076923
2013,KENWOOD,1,Fall,Yes,11,77.80293758,3.313341493
2013,KENWOOD,1,Fall,Yes,12,81.76987448,2.721757322
2013,KENWOOD,1,Fall,Yes,13,80.18027735,2.993836672
2013,KENWOOD,1,Fall,Yes,14,78.54226268,3.068920676
2013,KENWOOD,1,Fall,Yes,15,65.20289855,5.168478261
2013,KENWOOD,1,Fall,Yes,16,65.13186813,5.188383046
2013,KENWOOD,1,Fall,Yes,17,63.77278402,5.359550562
2013,KENWOOD,1,Fall,Yes,18,53.81756757,6.597972973
2013,KENWOOD,1,Fall,Yes,19,64.37391304,5.104347826
2013,KENWOOD,1,Fall,Yes,2,77.92857143,3.12987013
2013,KENWOOD,1,Fall,Yes,20,54.58381503,6.12716763
2013,KENWOOD,1,Fall,Yes,21,64.74137931,4.75
2013,KENWOOD,1,Fall,Yes,22,64.73076923,4.8125
2013,KENWOOD,1,Fall,Yes,23,60.81188119,5.435643564
2013,KENWOOD,1,Fall,Yes,24,56.47593583,5.941176471
2013,KENWOOD,1,Fall,Yes,25,66.26011561,4.549132948
2013,KENWOOD,1,Fall,Yes,26,49.12385321,6.798165138
2013,KENWOOD,1,Fall,Yes,27,63.34080717,4.977578475
2013,KENWOOD,1,Fall,Yes,28,71.60085837,4.021459227
2013,KENWOOD,1,Fall,Yes,29,68.3030303,4.515151515
2013,KENWOOD,1,Fall,Yes,3,51.5674548,7.267037552
2013,KENWOOD,1,Fall,Yes,30,69.50869565,4.347826087
2013,KENWOOD,1,Fall,Yes,31,54.03030303,6.893939394
2013,KENWOOD,1,Fall,Yes,4,41.92340426,8.658156028
2013,KENWOOD,1,Fall,Yes,5,46.27179487,8.006410256
2013,KENWOOD,1,Fall,Yes,6,48.84194529,7.609422492
2013,KENWOOD,1,Fall,Yes,7,57.65846154,6.263076923
2013,KENWOOD,1,Fall,Yes,8,78.74387255,3.178921569
2013,KENWOOD,1,Fall,Yes,9,68.92131148,4.662295082
2013,KENWOOD,1,Summer,No,29,83.02202643,2.568281938
2013,KENWOOD,1,Summer,No,30,75.35099338,3.715231788
2013,KENWOOD,1,Summer,No,31,56.28371278,6.579684764
2013,KENWOOD,1,Summer,Yes,29,84.70619469,2.292035398
2013,KENWOOD,1,Summer,Yes,30,74.50142045,3.822443182
2013,KENWOOD,1,Summer,Yes,31,57.55451713,6.366043614
2013,KENWOOD,1,Winter,No,1,47,8
2013,KENWOOD,1,Winter,No,10,73.5625,3.96875
2013,KENWOOD,1,Winter,No,11,68.875,4.6875
2013,KENWOOD,1,Winter,No,12,69.90909091,4.515151515
2013,KENWOOD,1,Winter,No,13,68.75609756,4.707317073
2013,KENWOOD,1,Winter,No,15,69.18181818,4.636363636
2013,KENWOOD,1,Winter,No,16,70.19354839,4.467741935
2013,KENWOOD,1,Winter,No,17,70.13043478,4.47826087
2013,KENWOOD,1,Winter,No,18,71.18181818,4.303030303
2013,KENWOOD,1,Winter,No,19,70.90909091,4.348484848
2013,KENWOOD,1,Winter,No,20,74.27272727,3.909090909
2013,KENWOOD,1,Winter,No,21,87,2
2013,KENWOOD,1,Winter,No,22,87,2
2013,KENWOOD,1,Winter,No,3,54.45833333,6.791666667
2013,KENWOOD,1,Winter,No,4,56.76923077,6.461538462
2013,KENWOOD,1,Winter,No,5,63.453125,5.5
2013,KENWOOD,1,Winter,No,6,67.90909091,4.848484848
2013,KENWOOD,1,Winter,No,7,67.45454545,4.924242424
2013,KENWOOD,1,Winter,No,8,69.84615385,4.538461538
2013,KENWOOD,1,Winter,No,9,78.92307692,3.153846154
2013,KENWOOD,1,Winter,Yes,10,72.02597403,4.181818182
2013,KENWOOD,1,Winter,Yes,11,68.4025974,4.766233766
2013,KENWOOD,1,Winter,Yes,12,68.7972973,4.702702703
2013,KENWOOD,1,Winter,Yes,13,72.19117647,4.132352941
2013,KENWOOD,1,Winter,Yes,16,69.52631579,4.578947368
2013,KENWOOD,1,Winter,Yes,17,65.53448276,5.189655172
2013,KENWOOD,1,Winter,Yes,18,72.61038961,4.064935065
2013,KENWOOD,1,Winter,Yes,19,72.22077922,4.12987013
2013,KENWOOD,1,Winter,Yes,20,79.61333333,3.106666667
2013,KENWOOD,1,Winter,Yes,21,87,2
2013,KENWOOD,1,Winter,Yes,3,62.90909091,5.563636364
2013,KENWOOD,1,Winter,Yes,4,63.18181818,5.532467532
2013,KENWOOD,1,Winter,Yes,5,68.85897436,4.679487179
2013,KENWOOD,1,Winter,Yes,6,72.28947368,4.171052632
2013,KENWOOD,1,Winter,Yes,7,67.7012987,4.883116883
2013,KENWOOD,1,Winter,Yes,8,69.21052632,4.631578947
2013,KENWOOD,1,Winter,Yes,9,79.35526316,3.092105263
2013,LAKE VIEW,4,Fall,No,1,65.83007813,7.9453125
2013,LAKE VIEW,4,Fall,No,10,68.66024518,7.476357268
2013,LAKE VIEW,4,Fall,No,11,69.39189189,7.532432432
2013,LAKE VIEW,4,Fall,No,12,69.18656716,7.519900498
2013,LAKE VIEW,4,Fall,No,13,57.50912409,9.955291971
2013,LAKE VIEW,4,Fall,No,14,50.5210177,11.65044248
2013,LAKE VIEW,4,Fall,No,15,58.66344725,9.767459138
2013,LAKE VIEW,4,Fall,No,16,64.98789572,8.412476723
2013,LAKE VIEW,4,Fall,No,17,63.05673759,8.901215805
2013,LAKE VIEW,4,Fall,No,18,57.32405063,10.02025316
2013,LAKE VIEW,4,Fall,No,19,66.80335366,7.518292683
2013,LAKE VIEW,4,Fall,No,2,67.78787879,6.636363636
2013,LAKE VIEW,4,Fall,No,20,62.69823435,8.434991974
2013,LAKE VIEW,4,Fall,No,21,60.95538462,8.892307692
2013,LAKE VIEW,4,Fall,No,22,59.00492611,9.231527094
2013,LAKE VIEW,4,Fall,No,23,62.52667814,8.605851979
2013,LAKE VIEW,4,Fall,No,24,58.24394464,9.461937716
2013,LAKE VIEW,4,Fall,No,25,66.00511945,7.498293515
2013,LAKE VIEW,4,Fall,No,26,60.26497006,8.517964072
2013,LAKE VIEW,4,Fall,No,27,58.30044843,9.159940209
2013,LAKE VIEW,4,Fall,No,28,52.80699301,10.47272727
2013,LAKE VIEW,4,Fall,No,29,65.533241,7.613573407
2013,LAKE VIEW,4,Fall,No,3,60.9958194,9.261705686
2013,LAKE VIEW,4,Fall,No,30,64.11527778,8.130555556
2013,LAKE VIEW,4,Fall,No,31,71.08636364,6.140909091
2013,LAKE VIEW,4,Fall,No,4,63.10170316,9.047201946
2013,LAKE VIEW,4,Fall,No,5,64.4690411,8.688219178
2013,LAKE VIEW,4,Fall,No,6,70.95385325,7.100599908
2013,LAKE VIEW,4,Fall,No,7,81.68728522,4.294387171
2013,LAKE VIEW,4,Fall,No,8,87.32386961,2.856992639
2013,LAKE VIEW,4,Fall,No,9,69.56196783,7.032166509
2013,LAKE VIEW,4,Fall,Yes,1,63.96302817,7.433098592
2013,LAKE VIEW,4,Fall,Yes,10,74.09010989,6.132234432
2013,LAKE VIEW,4,Fall,Yes,11,70.80656646,7.170886076
2013,LAKE VIEW,4,Fall,Yes,12,68.21508934,7.68166777
2013,LAKE VIEW,4,Fall,Yes,13,71.94765432,6.59308642
2013,LAKE VIEW,4,Fall,Yes,14,62.16645702,9.057023061
2013,LAKE VIEW,4,Fall,Yes,15,57.58454387,10.01220221
2013,LAKE VIEW,4,Fall,Yes,16,67.32573455,7.793819656
2013,LAKE VIEW,4,Fall,Yes,17,69.51612903,7.210080645
2013,LAKE VIEW,4,Fall,Yes,18,58.61865285,9.500518135
2013,LAKE VIEW,4,Fall,Yes,19,62.51041667,8.6328125
2013,LAKE VIEW,4,Fall,Yes,2,62.00162338,8.13474026
2013,LAKE VIEW,4,Fall,Yes,20,61.85259631,8.680067002
2013,LAKE VIEW,4,Fall,Yes,21,56.67958656,9.904392765
2013,LAKE VIEW,4,Fall,Yes,22,56.30769231,9.977810651
2013,LAKE VIEW,4,Fall,Yes,23,59.41594203,9.327536232
2013,LAKE VIEW,4,Fall,Yes,24,55.7928465,9.915052161
2013,LAKE VIEW,4,Fall,Yes,25,56.98861789,9.81300813
2013,LAKE VIEW,4,Fall,Yes,26,56.49194548,9.484510533
2013,LAKE VIEW,4,Fall,Yes,27,57.34143378,9.424058323
2013,LAKE VIEW,4,Fall,Yes,28,60.1088993,8.843091335
2013,LAKE VIEW,4,Fall,Yes,29,56.42621015,9.494687131
2013,LAKE VIEW,4,Fall,Yes,3,73.36072664,6.298010381
2013,LAKE VIEW,4,Fall,Yes,30,65.92654028,7.70971564
2013,LAKE VIEW,4,Fall,Yes,31,59.61363636,8.753787879
2013,LAKE VIEW,4,Fall,Yes,4,69.1975365,7.470346715
2013,LAKE VIEW,4,Fall,Yes,5,69.82175352,7.172043011
2013,LAKE VIEW,4,Fall,Yes,6,73.05322266,6.475097656
2013,LAKE VIEW,4,Fall,Yes,7,76.51237624,5.501485149
2013,LAKE VIEW,4,Fall,Yes,8,81.6928314,4.411293552
2013,LAKE VIEW,4,Fall,Yes,9,83.54954472,3.860739154
2013,LAKE VIEW,4,Summer,No,1,54.81954887,10.40037594
2013,LAKE VIEW,4,Summer,No,10,57.04473684,10.1245614
2013,LAKE VIEW,4,Summer,No,12,53.4969697,11.30757576
2013,LAKE VIEW,4,Summer,No,13,52.04565457,11.62871287
2013,LAKE VIEW,4,Summer,No,14,57.49222222,10.49
2013,LAKE VIEW,4,Summer,No,15,40.66721044,14.30668842
2013,LAKE VIEW,4,Summer,No,16,33.50136388,16.32733224
2013,LAKE VIEW,4,Summer,No,17,44.75543951,13.56222802
2013,LAKE VIEW,4,Summer,No,2,77.979442,5.483113069
2013,LAKE VIEW,4,Summer,No,22,56.90789474,9.907894737
2013,LAKE VIEW,4,Summer,No,23,39.34173228,13.9496063
2013,LAKE VIEW,4,Summer,No,24,42.70839937,13.11093502
2013,LAKE VIEW,4,Summer,No,25,30.95631825,15.83775351
2013,LAKE VIEW,4,Summer,No,26,18.63091483,18.72555205
2013,LAKE VIEW,4,Summer,No,27,59.37617555,9.347962382
2013,LAKE VIEW,4,Summer,No,28,50.4439834,11.35684647
2013,LAKE VIEW,4,Summer,No,29,42.82430939,13.89834254
2013,LAKE VIEW,4,Summer,No,3,77.34261603,5.658227848
2013,LAKE VIEW,4,Summer,No,30,55.00536082,10.89195876
2013,LAKE VIEW,4,Summer,No,31,62.72879177,8.972150814
2013,LAKE VIEW,4,Summer,No,5,65.9077381,8.261904762
2013,LAKE VIEW,4,Summer,No,6,52.83164983,11.34511785
2013,LAKE VIEW,4,Summer,No,7,45.65258216,13.114241
2013,LAKE VIEW,4,Summer,No,8,31.92640693,16.35064935
2013,LAKE VIEW,4,Summer,No,9,49.70889894,12.09351433
2013,LAKE VIEW,4,Summer,Yes,1,67.68099861,7.443828017
2013,LAKE VIEW,4,Summer,Yes,10,67.4921466,7.835951134
2013,LAKE VIEW,4,Summer,Yes,12,64.45689655,8.694827586
2013,LAKE VIEW,4,Summer,Yes,13,62.4235012,9.227817746
2013,LAKE VIEW,4,Summer,Yes,14,74.5752381,6.243809524
2013,LAKE VIEW,4,Summer,Yes,15,48.10032362,12.58899676
2013,LAKE VIEW,4,Summer,Yes,16,50.7133059,11.99222679
2013,LAKE VIEW,4,Summer,Yes,17,53.73157051,11.26522436
2013,LAKE VIEW,4,Summer,Yes,2,68.22454805,7.544243578
2013,LAKE VIEW,4,Summer,Yes,22,76.6440678,5.428571429
2013,LAKE VIEW,4,Summer,Yes,23,62.36106489,8.695507488
2013,LAKE VIEW,4,Summer,Yes,24,55.30110497,10.27624309
2013,LAKE VIEW,4,Summer,Yes,25,65.41922006,7.972144847
2013,LAKE VIEW,4,Summer,Yes,26,40.03396739,13.77581522
2013,LAKE VIEW,4,Summer,Yes,27,52.68369028,10.88962109
2013,LAKE VIEW,4,Summer,Yes,29,52.4982684,11.57316017
2013,LAKE VIEW,4,Summer,Yes,3,69.14545455,7.707272727
2013,LAKE VIEW,4,Summer,Yes,30,53.74900972,11.30896651
2013,LAKE VIEW,4,Summer,Yes,31,66.03942791,8.283339776
2013,LAKE VIEW,4,Summer,Yes,5,77.64556176,5.4283054
2013,LAKE VIEW,4,Summer,Yes,6,51.5929878,11.54522358
2013,LAKE VIEW,4,Summer,Yes,7,62.03824201,9.262557078
2013,LAKE VIEW,4,Summer,Yes,8,54.12966735,11.10319077
2013,LAKE VIEW,4,Summer,Yes,9,61.94434882,9.250717154
2013,LAKE VIEW,4,Winter,No,1,56.98412698,10.25396825
2013,LAKE VIEW,4,Winter,No,10,82.80729167,4.270833333
2013,LAKE VIEW,4,Winter,No,11,84.55208333,3.802083333
2013,LAKE VIEW,4,Winter,No,12,78.34343434,5.131313131
2013,LAKE VIEW,4,Winter,No,13,82.35772358,4.390243902
2013,LAKE VIEW,4,Winter,No,15,80.18181818,4.727272727
2013,LAKE VIEW,4,Winter,No,16,80.43010753,4.677419355
2013,LAKE VIEW,4,Winter,No,17,70.86956522,6.898550725
2013,LAKE VIEW,4,Winter,No,18,71.3989899,6.570707071
2013,LAKE VIEW,4,Winter,No,19,78.28787879,4.848484848
2013,LAKE VIEW,4,Winter,No,20,78.94949495,4.727272727
2013,LAKE VIEW,4,Winter,No,21,69.52380952,7.042328042
2013,LAKE VIEW,4,Winter,No,22,72.3030303,6.606060606
2013,LAKE VIEW,4,Winter,No,3,67.93055556,8.055555556
2013,LAKE VIEW,4,Winter,No,4,75.56410256,6.148717949
2013,LAKE VIEW,4,Winter,No,5,80.20833333,4.765625
2013,LAKE VIEW,4,Winter,No,6,80.26262626,4.752525253
2013,LAKE VIEW,4,Winter,No,7,80.99494949,4.611111111
2013,LAKE VIEW,4,Winter,No,8,75.29230769,6.107692308
2013,LAKE VIEW,4,Winter,No,9,73.35384615,6.553846154
2013,LAKE VIEW,4,Winter,Yes,10,74.74025974,6.168831169
2013,LAKE VIEW,4,Winter,Yes,11,83.44155844,4.038961039
2013,LAKE VIEW,4,Winter,Yes,12,74.10810811,6.117117117
2013,LAKE VIEW,4,Winter,Yes,13,79.03431373,5.093137255
2013,LAKE VIEW,4,Winter,Yes,16,74.86403509,6.030701754
2013,LAKE VIEW,4,Winter,Yes,17,78.37356322,5.189655172
2013,LAKE VIEW,4,Winter,Yes,18,65.35497835,7.878787879
2013,LAKE VIEW,4,Winter,Yes,19,75.14285714,5.593073593
2013,LAKE VIEW,4,Winter,Yes,20,71.57333333,6.408888889
2013,LAKE VIEW,4,Winter,Yes,21,68.5021645,7.19047619
2013,LAKE VIEW,4,Winter,Yes,3,55.12121212,10.98181818
2013,LAKE VIEW,4,Winter,Yes,4,58.14285714,10.15584416
2013,LAKE VIEW,4,Winter,Yes,5,70.12820513,7.081196581
2013,LAKE VIEW,4,Winter,Yes,6,73.8245614,6.263157895
2013,LAKE VIEW,4,Winter,Yes,7,75.03030303,5.991341991
2013,LAKE VIEW,4,Winter,Yes,8,75.55263158,6.096491228
2013,LAKE VIEW,4,Winter,Yes,9,71.93859649,6.929824561
2013,LINCOLN PARK,4,Fall,No,1,59.10852018,6.55426009
2013,LINCOLN PARK,4,Fall,No,10,49.91553611,8.269584245
2013,LINCOLN PARK,4,Fall,No,11,45.47994592,8.604776927
2013,LINCOLN PARK,4,Fall,No,12,36.82078407,9.901057872
2013,LINCOLN PARK,4,Fall,No,13,45.27838828,8.732600733
2013,LINCOLN PARK,4,Fall,No,14,47.24623116,8.501954216
2013,LINCOLN PARK,4,Fall,No,15,50.52658789,7.843426883
2013,LINCOLN PARK,4,Fall,No,16,51.34894399,7.809917355
2013,LINCOLN PARK,4,Fall,No,17,51.85250887,7.921439432
2013,LINCOLN PARK,4,Fall,No,18,56.81656805,7.012679628
2013,LINCOLN PARK,4,Fall,No,19,55.86605784,6.913242009
2013,LINCOLN PARK,4,Fall,No,2,46.62770563,8.593073593
2013,LINCOLN PARK,4,Fall,No,20,55.7980456,6.993485342
2013,LINCOLN PARK,4,Fall,No,21,53.68202765,7.423963134
2013,LINCOLN PARK,4,Fall,No,22,47.03246753,8.527597403
2013,LINCOLN PARK,4,Fall,No,23,54.15292096,7.365979381
2013,LINCOLN PARK,4,Fall,No,24,58.06193078,6.775956284
2013,LINCOLN PARK,4,Fall,No,25,51.52972973,7.769369369
2013,LINCOLN PARK,4,Fall,No,26,49.24207012,8.143572621
2013,LINCOLN PARK,4,Fall,No,27,53.87478849,7.434856176
2013,LINCOLN PARK,4,Fall,No,28,52.13692308,7.62
2013,LINCOLN PARK,4,Fall,No,29,55.67694567,7.055800294
2013,LINCOLN PARK,4,Fall,No,3,43.98684211,9.279605263
2013,LINCOLN PARK,4,Fall,No,30,52.48885794,7.473537604
2013,LINCOLN PARK,4,Fall,No,31,59,6.363636364
2013,LINCOLN PARK,4,Fall,No,4,41.92236842,9.702631579
2013,LINCOLN PARK,4,Fall,No,5,47.45956113,8.569905956
2013,LINCOLN PARK,4,Fall,No,6,45.58644537,8.662517289
2013,LINCOLN PARK,4,Fall,No,7,48.18238994,8.403659234
2013,LINCOLN PARK,4,Fall,No,8,51.69094693,8.085327784
2013,LINCOLN PARK,4,Fall,No,9,49.73836127,8.291433892
2013,LINCOLN PARK,4,Fall,Yes,1,56.00609756,6.985772358
2013,LINCOLN PARK,4,Fall,Yes,10,58.12060117,6.845307918
2013,LINCOLN PARK,4,Fall,Yes,11,65.11357341,5.580530273
2013,LINCOLN PARK,4,Fall,Yes,12,56.15430464,6.98807947
2013,LINCOLN PARK,4,Fall,Yes,13,51.61888285,7.756796836
2013,LINCOLN PARK,4,Fall,Yes,14,61.26295828,6.273072061
2013,LINCOLN PARK,4,Fall,Yes,15,47.15743945,8.420415225
2013,LINCOLN PARK,4,Fall,Yes,16,62.59104628,5.989939638
2013,LINCOLN PARK,4,Fall,Yes,17,58.08024194,6.888306452
2013,LINCOLN PARK,4,Fall,Yes,18,57.1026971,6.925311203
2013,LINCOLN PARK,4,Fall,Yes,19,57.23629243,6.746736292
2013,LINCOLN PARK,4,Fall,Yes,2,56.1187384,7.057513915
2013,LINCOLN PARK,4,Fall,Yes,20,57.98507463,6.638059701
2013,LINCOLN PARK,4,Fall,Yes,21,59.54980595,6.421733506
2013,LINCOLN PARK,4,Fall,Yes,22,56.15384615,7.058404558
2013,LINCOLN PARK,4,Fall,Yes,23,59.284041,6.484626647
2013,LINCOLN PARK,4,Fall,Yes,24,58.02351097,6.757053292
2013,LINCOLN PARK,4,Fall,Yes,25,56.03691275,6.998322148
2013,LINCOLN PARK,4,Fall,Yes,26,50.04311544,8.006954103
2013,LINCOLN PARK,4,Fall,Yes,27,51.62330623,7.754742547
2013,LINCOLN PARK,4,Fall,Yes,28,56.5971686,6.882882883
2013,LINCOLN PARK,4,Fall,Yes,29,56.50441362,6.897856242
2013,LINCOLN PARK,4,Fall,Yes,3,51.45661281,7.892280072
2013,LINCOLN PARK,4,Fall,Yes,30,53.02609727,7.372479241
2013,LINCOLN PARK,4,Fall,Yes,31,50.17424242,7.920454545
2013,LINCOLN PARK,4,Fall,Yes,4,54.64272672,7.614729154
2013,LINCOLN PARK,4,Fall,Yes,5,49.70506024,8.152771084
2013,LINCOLN PARK,4,Fall,Yes,6,54.18722574,7.307167235
2013,LINCOLN PARK,4,Fall,Yes,7,45.7088922,8.978142077
2013,LINCOLN PARK,4,Fall,Yes,8,51.624305,7.847498014
2013,LINCOLN PARK,4,Fall,Yes,9,58.89040378,6.781856319
2013,LINCOLN PARK,4,Summer,No,1,27.37082067,11.0668693
2013,LINCOLN PARK,4,Summer,No,10,57.99736842,7
2013,LINCOLN PARK,4,Summer,No,12,37.39318182,10.84772727
2013,LINCOLN PARK,4,Summer,No,13,36.13861386,10.87541254
2013,LINCOLN PARK,4,Summer,No,14,48.24416667,9.004166667
2013,LINCOLN PARK,4,Summer,No,15,42.36704731,9.840946166
2013,LINCOLN PARK,4,Summer,No,16,22.35351882,13.23649755
2013,LINCOLN PARK,4,Summer,No,17,34.34203655,10.7310705
2013,LINCOLN PARK,4,Summer,No,2,42.25770925,9.49339207
2013,LINCOLN PARK,4,Summer,No,29,32.00442478,11
2013,LINCOLN PARK,4,Summer,No,3,24.68860759,12.5556962
2013,LINCOLN PARK,4,Summer,No,30,38.51510159,9.903898957
2013,LINCOLN PARK,4,Summer,No,31,44.34656835,8.908678389
2013,LINCOLN PARK,4,Summer,No,5,44.09821429,9.482142857
2013,LINCOLN PARK,4,Summer,No,6,49.24242424,8.893939394
2013,LINCOLN PARK,4,Summer,No,7,27.35915493,12.32629108
2013,LINCOLN PARK,4,Summer,No,8,14.74155844,14.22337662
2013,LINCOLN PARK,4,Summer,No,9,27.76696833,12.2918552
2013,LINCOLN PARK,4,Summer,Yes,1,62.11606314,5.825929284
2013,LINCOLN PARK,4,Summer,Yes,10,45.2434555,9.086387435
2013,LINCOLN PARK,4,Summer,Yes,12,50.40775862,8.306034483
2013,LINCOLN PARK,4,Summer,Yes,13,52.90215827,8.010791367
2013,LINCOLN PARK,4,Summer,Yes,14,46.01285714,9.220714286
2013,LINCOLN PARK,4,Summer,Yes,15,59.63176144,6.795423024
2013,LINCOLN PARK,4,Summer,Yes,16,30.25377229,11.82853224
2013,LINCOLN PARK,4,Summer,Yes,17,50.92908654,8.043269231
2013,LINCOLN PARK,4,Summer,Yes,2,55.57264151,7.281132075
2013,LINCOLN PARK,4,Summer,Yes,29,56.94001276,6.749202297
2013,LINCOLN PARK,4,Summer,Yes,3,33.44272727,11.27818182
2013,LINCOLN PARK,4,Summer,Yes,30,41.39170285,9.458273034
2013,LINCOLN PARK,4,Summer,Yes,31,49.26478149,8.285347044
2013,LINCOLN PARK,4,Summer,Yes,5,57.62290503,7.147113594
2013,LINCOLN PARK,4,Summer,Yes,6,55.04573171,7.694359756
2013,LINCOLN PARK,4,Summer,Yes,7,50.75941781,8.237157534
2013,LINCOLN PARK,4,Summer,Yes,8,65.85947047,5.861507128
2013,LINCOLN PARK,4,Summer,Yes,9,46.68760757,8.870051635
2013,LINCOLN PARK,4,Winter,No,1,55.47619048,6.916666667
2013,LINCOLN PARK,4,Winter,No,10,70.4375,4.79296875
2013,LINCOLN PARK,4,Winter,No,11,65.4140625,5.53515625
2013,LINCOLN PARK,4,Winter,No,12,64.52651515,5.579545455
2013,LINCOLN PARK,4,Winter,No,13,68.40853659,4.829268293
2013,LINCOLN PARK,4,Winter,No,15,78.63636364,3.590909091
2013,LINCOLN PARK,4,Winter,No,16,78.87096774,3.508064516
2013,LINCOLN PARK,4,Winter,No,17,64.98913043,5.532608696
2013,LINCOLN PARK,4,Winter,No,18,64.70833333,5.534090909
2013,LINCOLN PARK,4,Winter,No,19,65.36742424,5.367424242
2013,LINCOLN PARK,4,Winter,No,20,62.9469697,5.890151515
2013,LINCOLN PARK,4,Winter,No,21,54.98412698,7.107142857
2013,LINCOLN PARK,4,Winter,No,22,49.27272727,8.022727273
2013,LINCOLN PARK,4,Winter,No,3,76.73958333,3.916666667
2013,LINCOLN PARK,4,Winter,No,4,65.93846154,5.592307692
2013,LINCOLN PARK,4,Winter,No,5,61.94921875,5.8828125
2013,LINCOLN PARK,4,Winter,No,6,61.34469697,6.041666667
2013,LINCOLN PARK,4,Winter,No,7,65.17424242,5.492424242
2013,LINCOLN PARK,4,Winter,No,8,61.96923077,6.196153846
2013,LINCOLN PARK,4,Winter,No,9,64.51153846,5.761538462
2013,LINCOLN PARK,4,Winter,Yes,10,65.40909091,5.646103896
2013,LINCOLN PARK,4,Winter,Yes,11,62.75974026,6.077922078
2013,LINCOLN PARK,4,Winter,Yes,12,62.96959459,5.861486486
2013,LINCOLN PARK,4,Winter,Yes,13,67.44852941,4.981617647
2013,LINCOLN PARK,4,Winter,Yes,16,69.76315789,4.983552632
2013,LINCOLN PARK,4,Winter,Yes,17,70.72413793,4.534482759
2013,LINCOLN PARK,4,Winter,Yes,18,61.27597403,6.211038961
2013,LINCOLN PARK,4,Winter,Yes,19,67.14285714,5.077922078
2013,LINCOLN PARK,4,Winter,Yes,20,64.21666667,5.68
2013,LINCOLN PARK,4,Winter,Yes,21,52.70779221,7.451298701
2013,LINCOLN PARK,4,Winter,Yes,3,68.80909091,4.904545455
2013,LINCOLN PARK,4,Winter,Yes,4,65.04220779,5.675324675
2013,LINCOLN PARK,4,Winter,Yes,5,59.125,6.368589744
2013,LINCOLN PARK,4,Winter,Yes,6,66.39144737,5.273026316
2013,LINCOLN PARK,4,Winter,Yes,7,67.55844156,5.006493506
2013,LINCOLN PARK,4,Winter,Yes,8,61.23026316,6.305921053
2013,LINCOLN PARK,4,Winter,Yes,9,61.91776316,6.210526316
2013,LOGAN SQUARE,2,Fall,No,1,54.95137421,6.746300211
2013,LOGAN SQUARE,2,Fall,No,10,35.97972973,9.594594595
2013,LOGAN SQUARE,2,Fall,No,11,38.39554318,9.257660167
2013,LOGAN SQUARE,2,Fall,No,12,33.46692607,9.991245136
2013,LOGAN SQUARE,2,Fall,No,13,55.0494186,6.748546512
2013,LOGAN SQUARE,2,Fall,No,14,56.84423408,6.477624785
2013,LOGAN SQUARE,2,Fall,No,15,70.1872093,4.487209302
2013,LOGAN SQUARE,2,Fall,No,16,58.7829912,6.173020528
2013,LOGAN SQUARE,2,Fall,No,17,48.00314465,7.817610063
2013,LOGAN SQUARE,2,Fall,No,18,53.72922252,6.935656836
2013,LOGAN SQUARE,2,Fall,No,19,49.94416244,7.515228426
2013,LOGAN SQUARE,2,Fall,No,2,44.10227273,8.371212121
2013,LOGAN SQUARE,2,Fall,No,20,51.52150538,7.26344086
2013,LOGAN SQUARE,2,Fall,No,21,57.37435897,6.374358974
2013,LOGAN SQUARE,2,Fall,No,22,56.99184783,6.4375
2013,LOGAN SQUARE,2,Fall,No,23,60.10174419,5.985465116
2013,LOGAN SQUARE,2,Fall,No,24,51.23602484,7.319875776
2013,LOGAN SQUARE,2,Fall,No,25,51.31595092,7.300613497
2013,LOGAN SQUARE,2,Fall,No,26,53.89779006,6.908839779
2013,LOGAN SQUARE,2,Fall,No,27,47.89722222,7.802777778
2013,LOGAN SQUARE,2,Fall,No,28,57.82307692,6.333333333
2013,LOGAN SQUARE,2,Fall,No,29,56.52030457,6.525380711
2013,LOGAN SQUARE,2,Fall,No,3,49.19662921,7.637640449
2013,LOGAN SQUARE,2,Fall,No,30,49.33928571,7.604591837
2013,LOGAN SQUARE,2,Fall,No,31,59.71818182,6.018181818
2013,LOGAN SQUARE,2,Fall,No,4,45.22624434,8.206636501
2013,LOGAN SQUARE,2,Fall,No,5,49.44804089,7.587734242
2013,LOGAN SQUARE,2,Fall,No,6,60.5042796,5.925820257
2013,LOGAN SQUARE,2,Fall,No,7,46.92553191,7.960992908
2013,LOGAN SQUARE,2,Fall,No,8,37.90594059,9.331683168
2013,LOGAN SQUARE,2,Fall,No,9,31.89434524,10.21577381
2013,LOGAN SQUARE,2,Fall,Yes,1,69.51760563,4.570422535
2013,LOGAN SQUARE,2,Fall,Yes,10,68.26414027,4.760746606
2013,LOGAN SQUARE,2,Fall,Yes,11,48.58078335,7.722154223
2013,LOGAN SQUARE,2,Fall,Yes,12,51.05125523,7.344142259
2013,LOGAN SQUARE,2,Fall,Yes,13,65.42758089,5.200308166
2013,LOGAN SQUARE,2,Fall,Yes,14,69.11183355,4.634590377
2013,LOGAN SQUARE,2,Fall,Yes,15,64.48460145,5.308876812
2013,LOGAN SQUARE,2,Fall,Yes,16,72.07299843,4.206436421
2013,LOGAN SQUARE,2,Fall,Yes,17,70.33208489,4.465667915
2013,LOGAN SQUARE,2,Fall,Yes,18,60.79560811,5.880067568
2013,LOGAN SQUARE,2,Fall,Yes,19,56.15217391,6.593478261
2013,LOGAN SQUARE,2,Fall,Yes,2,59.41883117,6.090909091
2013,LOGAN SQUARE,2,Fall,Yes,20,57.40751445,6.387283237
2013,LOGAN SQUARE,2,Fall,Yes,21,58.66810345,6.198275862
2013,LOGAN SQUARE,2,Fall,Yes,22,59.07692308,6.144230769
2013,LOGAN SQUARE,2,Fall,Yes,23,63.62376238,5.448019802
2013,LOGAN SQUARE,2,Fall,Yes,24,60.07219251,5.986631016
2013,LOGAN SQUARE,2,Fall,Yes,25,64.83526012,5.274566474
2013,LOGAN SQUARE,2,Fall,Yes,26,64.33944954,5.348623853
2013,LOGAN SQUARE,2,Fall,Yes,27,59.47982063,6.071748879
2013,LOGAN SQUARE,2,Fall,Yes,28,59.72746781,6.038626609
2013,LOGAN SQUARE,2,Fall,Yes,29,64.2012987,5.372294372
2013,LOGAN SQUARE,2,Fall,Yes,3,62.01599444,5.707232267
2013,LOGAN SQUARE,2,Fall,Yes,30,63.43043478,5.482608696
2013,LOGAN SQUARE,2,Fall,Yes,31,60.46969697,5.931818182
2013,LOGAN SQUARE,2,Fall,Yes,4,67.73404255,4.839716312
2013,LOGAN SQUARE,2,Fall,Yes,5,65.09038462,5.233333333
2013,LOGAN SQUARE,2,Fall,Yes,6,66.72568389,4.990881459
2013,LOGAN SQUARE,2,Fall,Yes,7,62.20692308,5.673076923
2013,LOGAN SQUARE,2,Fall,Yes,8,50.82230392,7.371323529
2013,LOGAN SQUARE,2,Fall,Yes,9,64.55327869,5.31557377
2013,LOGAN SQUARE,2,Summer,No,1,56.2518797,6.594924812
2013,LOGAN SQUARE,2,Summer,No,10,29.13157895,10.62631579
2013,LOGAN SQUARE,2,Summer,No,12,64.91136364,5.245454545
2013,LOGAN SQUARE,2,Summer,No,13,49.4290429,7.570132013
2013,LOGAN SQUARE,2,Summer,No,14,44.025,8.404166667
2013,LOGAN SQUARE,2,Summer,No,15,37.60848287,9.329526917
2013,LOGAN SQUARE,2,Summer,No,16,45.96563011,8.096563011
2013,LOGAN SQUARE,2,Summer,No,17,27.11357702,10.93472585
2013,LOGAN SQUARE,2,Summer,No,2,50.3215859,7.447136564
2013,LOGAN SQUARE,2,Summer,No,26,45.70960699,8.159388646
2013,LOGAN SQUARE,2,Summer,No,27,41.86128527,8.739028213
2013,LOGAN SQUARE,2,Summer,No,28,44.35477178,8.363070539
2013,LOGAN SQUARE,2,Summer,No,29,37.82150776,9.315964523
2013,LOGAN SQUARE,2,Summer,No,3,49.16455696,7.621518987
2013,LOGAN SQUARE,2,Summer,No,30,43.89441249,8.41906327
2013,LOGAN SQUARE,2,Summer,No,31,55.79278523,6.638422819
2013,LOGAN SQUARE,2,Summer,No,5,40.50223214,8.924107143
2013,LOGAN SQUARE,2,Summer,No,6,31.93686869,10.19823232
2013,LOGAN SQUARE,2,Summer,No,7,58.0657277,6.309859155
2013,LOGAN SQUARE,2,Summer,No,8,58.16753247,6.281818182
2013,LOGAN SQUARE,2,Summer,No,9,38.61538462,9.185520362
2013,LOGAN SQUARE,2,Summer,Yes,1,60.77669903,5.890429958
2013,LOGAN SQUARE,2,Summer,Yes,10,51.65968586,7.253926702
2013,LOGAN SQUARE,2,Summer,Yes,12,67.42672414,4.878448276
2013,LOGAN SQUARE,2,Summer,Yes,13,63.25035971,5.507194245
2013,LOGAN SQUARE,2,Summer,Yes,14,58.20142857,6.272142857
2013,LOGAN SQUARE,2,Summer,Yes,15,54.16435506,6.874479889
2013,LOGAN SQUARE,2,Summer,Yes,16,78.26474623,3.25308642
2013,LOGAN SQUARE,2,Summer,Yes,17,59.19591346,6.112980769
2013,LOGAN SQUARE,2,Summer,Yes,2,59.43773585,6.081132075
2013,LOGAN SQUARE,2,Summer,Yes,26,63.45166667,5.496666667
2013,LOGAN SQUARE,2,Summer,Yes,27,50.86902801,7.362438221
2013,LOGAN SQUARE,2,Summer,Yes,29,59.66949153,6.044067797
2013,LOGAN SQUARE,2,Summer,Yes,3,71.15545455,4.324545455
2013,LOGAN SQUARE,2,Summer,Yes,30,62.36778671,5.646457268
2013,LOGAN SQUARE,2,Summer,Yes,31,54.8019954,6.782808903
2013,LOGAN SQUARE,2,Summer,Yes,5,59.08100559,6.129422719
2013,LOGAN SQUARE,2,Summer,Yes,6,68.03963415,4.799542683
2013,LOGAN SQUARE,2,Summer,Yes,7,63.70034247,5.450342466
2013,LOGAN SQUARE,2,Summer,Yes,8,55.73625255,6.624236253
2013,LOGAN SQUARE,2,Summer,Yes,9,46.29259897,8.050774527
2013,LOGAN SQUARE,2,Winter,No,1,51.5952381,7.238095238
2013,LOGAN SQUARE,2,Winter,No,10,69.3046875,4.6015625
2013,LOGAN SQUARE,2,Winter,No,11,68.859375,4.6796875
2013,LOGAN SQUARE,2,Winter,No,12,62.76515152,5.560606061
2013,LOGAN SQUARE,2,Winter,No,13,66.14634146,5.12195122
2013,LOGAN SQUARE,2,Winter,No,15,54.31818182,6.818181818
2013,LOGAN SQUARE,2,Winter,No,16,63.90322581,5.39516129
2013,LOGAN SQUARE,2,Winter,No,17,64.7826087,5.304347826
2013,LOGAN SQUARE,2,Winter,No,18,68,4.78030303
2013,LOGAN SQUARE,2,Winter,No,19,67.81818182,4.712121212
2013,LOGAN SQUARE,2,Winter,No,20,51.81818182,6.954545455
2013,LOGAN SQUARE,2,Winter,No,21,62.9047619,5.452380952
2013,LOGAN SQUARE,2,Winter,No,22,66.36363636,5.090909091
2013,LOGAN SQUARE,2,Winter,No,3,74.8125,3.770833333
2013,LOGAN SQUARE,2,Winter,No,4,78.22307692,3.269230769
2013,LOGAN SQUARE,2,Winter,No,5,72.109375,4.1796875
2013,LOGAN SQUARE,2,Winter,No,6,72.91666667,4.037878788
2013,LOGAN SQUARE,2,Winter,No,7,71.08333333,4.363636364
2013,LOGAN SQUARE,2,Winter,No,8,69.21538462,4.630769231
2013,LOGAN SQUARE,2,Winter,No,9,70.86923077,4.330769231
2013,LOGAN SQUARE,2,Winter,Yes,10,67.44805195,4.876623377
2013,LOGAN SQUARE,2,Winter,Yes,11,66.7987013,5
2013,LOGAN SQUARE,2,Winter,Yes,12,61.30405405,5.810810811
2013,LOGAN SQUARE,2,Winter,Yes,13,68.86764706,4.676470588
2013,LOGAN SQUARE,2,Winter,Yes,16,65.59868421,5.171052632
2013,LOGAN SQUARE,2,Winter,Yes,17,61.35344828,5.810344828
2013,LOGAN SQUARE,2,Winter,Yes,18,61.77272727,5.727272727
2013,LOGAN SQUARE,2,Winter,Yes,19,64.88961039,5.084415584
2013,LOGAN SQUARE,2,Winter,Yes,20,52.84666667,6.806666667
2013,LOGAN SQUARE,2,Winter,Yes,21,60.54545455,5.850649351
2013,LOGAN SQUARE,2,Winter,Yes,3,69.6,4.563636364
2013,LOGAN SQUARE,2,Winter,Yes,4,76.90909091,3.461038961
2013,LOGAN SQUARE,2,Winter,Yes,5,74.17948718,3.891025641
2013,LOGAN SQUARE,2,Winter,Yes,6,79.74342105,3.032894737
2013,LOGAN SQUARE,2,Winter,Yes,7,71.38311688,4.292207792
2013,LOGAN SQUARE,2,Winter,Yes,8,65.18421053,5.217105263
2013,LOGAN SQUARE,2,Winter,Yes,9,69.67105263,4.532894737
2013,LOWER WEST SIDE,2,Fall,No,1,53.72198732,6.960887949
2013,LOWER WEST SIDE,2,Fall,No,10,40.62972973,8.878378378
2013,LOWER WEST SIDE,2,Fall,No,11,46.79038997,7.961002786
2013,LOWER WEST SIDE,2,Fall,No,12,42.69747082,8.607976654
2013,LOWER WEST SIDE,2,Fall,No,13,52.43604651,7.138081395
2013,LOWER WEST SIDE,2,Fall,No,14,57.79173838,6.325301205
2013,LOWER WEST SIDE,2,Fall,No,15,56.19302326,6.58372093
2013,LOWER WEST SIDE,2,Fall,No,16,54.26832845,6.860703812
2013,LOWER WEST SIDE,2,Fall,No,17,53.16116352,7.022012579
2013,LOWER WEST SIDE,2,Fall,No,18,49.65549598,7.542895442
2013,LOWER WEST SIDE,2,Fall,No,19,48.27411168,7.748730964
2013,LOWER WEST SIDE,2,Fall,No,2,57.23484848,6.397727273
2013,LOWER WEST SIDE,2,Fall,No,20,46.83064516,7.967741935
2013,LOWER WEST SIDE,2,Fall,No,21,57.86923077,6.328205128
2013,LOWER WEST SIDE,2,Fall,No,22,57.19836957,6.41576087
2013,LOWER WEST SIDE,2,Fall,No,23,62.41569767,5.639534884
2013,LOWER WEST SIDE,2,Fall,No,24,61.39440994,5.788819876
2013,LOWER WEST SIDE,2,Fall,No,25,59.93558282,5.966257669
2013,LOWER WEST SIDE,2,Fall,No,26,57.21270718,6.367403315
2013,LOWER WEST SIDE,2,Fall,No,27,55.675,6.636111111
2013,LOWER WEST SIDE,2,Fall,No,28,57.84358974,6.333333333
2013,LOWER WEST SIDE,2,Fall,No,29,53.64213198,6.944162437
2013,LOWER WEST SIDE,2,Fall,No,3,59.20926966,6.134831461
2013,LOWER WEST SIDE,2,Fall,No,30,56.11734694,6.584183673
2013,LOWER WEST SIDE,2,Fall,No,31,43.18181818,8.545454545
2013,LOWER WEST SIDE,2,Fall,No,4,61.00829563,5.846153846
2013,LOWER WEST SIDE,2,Fall,No,5,60.77597956,5.89011925
2013,LOWER WEST SIDE,2,Fall,No,6,60.94008559,5.863052782
2013,LOWER WEST SIDE,2,Fall,No,7,56.16932624,6.570921986
2013,LOWER WEST SIDE,2,Fall,No,8,62.39933993,5.620462046
2013,LOWER WEST SIDE,2,Fall,No,9,43.73511905,8.452380952
2013,LOWER WEST SIDE,2,Fall,Yes,1,57.22535211,6.404929577
2013,LOWER WEST SIDE,2,Fall,Yes,10,64.9841629,5.265837104
2013,LOWER WEST SIDE,2,Fall,Yes,11,54.74847001,6.804773562
2013,LOWER WEST SIDE,2,Fall,Yes,12,58.95188285,6.156903766
2013,LOWER WEST SIDE,2,Fall,Yes,13,65.93066256,5.11633282
2013,LOWER WEST SIDE,2,Fall,Yes,14,61.88491547,5.700260078
2013,LOWER WEST SIDE,2,Fall,Yes,15,59.06793478,6.154891304
2013,LOWER WEST SIDE,2,Fall,Yes,16,59.11852433,6.149136578
2013,LOWER WEST SIDE,2,Fall,Yes,17,53.74219725,6.920099875
2013,LOWER WEST SIDE,2,Fall,Yes,18,55.21452703,6.704391892
2013,LOWER WEST SIDE,2,Fall,Yes,19,51.18913043,7.310869565
2013,LOWER WEST SIDE,2,Fall,Yes,2,55.26298701,6.698051948
2013,LOWER WEST SIDE,2,Fall,Yes,20,54.71965318,6.777456647
2013,LOWER WEST SIDE,2,Fall,Yes,21,58.44827586,6.234913793
2013,LOWER WEST SIDE,2,Fall,Yes,22,57.37980769,6.394230769
2013,LOWER WEST SIDE,2,Fall,Yes,23,69.84653465,4.534653465
2013,LOWER WEST SIDE,2,Fall,Yes,24,57.99197861,6.310160428
2013,LOWER WEST SIDE,2,Fall,Yes,25,63.1734104,5.50867052
2013,LOWER WEST SIDE,2,Fall,Yes,26,57.96559633,6.27293578
2013,LOWER WEST SIDE,2,Fall,Yes,27,55.5470852,6.668161435
2013,LOWER WEST SIDE,2,Fall,Yes,28,56.09012876,6.583690987
2013,LOWER WEST SIDE,2,Fall,Yes,29,54.84632035,6.772727273
2013,LOWER WEST SIDE,2,Fall,Yes,3,53.83379694,6.942280946
2013,LOWER WEST SIDE,2,Fall,Yes,30,60.16956522,5.973913043
2013,LOWER WEST SIDE,2,Fall,Yes,31,44.54545455,8.333333333
2013,LOWER WEST SIDE,2,Fall,Yes,4,59.71134752,6.039716312
2013,LOWER WEST SIDE,2,Fall,Yes,5,63.62948718,5.453846154
2013,LOWER WEST SIDE,2,Fall,Yes,6,66.16869301,5.073708207
2013,LOWER WEST SIDE,2,Fall,Yes,7,56.29846154,6.532307692
2013,LOWER WEST SIDE,2,Fall,Yes,8,75.00183824,3.751838235
2013,LOWER WEST SIDE,2,Fall,Yes,9,55.99344262,6.597540984
2013,LOWER WEST SIDE,2,Summer,No,1,42.80263158,8.580827068
2013,LOWER WEST SIDE,2,Summer,No,10,39.02763158,9.164473684
2013,LOWER WEST SIDE,2,Summer,No,12,42.03636364,8.709090909
2013,LOWER WEST SIDE,2,Summer,No,13,43.35808581,8.49669967
2013,LOWER WEST SIDE,2,Summer,No,14,35.42083333,9.705
2013,LOWER WEST SIDE,2,Summer,No,15,32.45269168,10.1451876
2013,LOWER WEST SIDE,2,Summer,No,16,32.68903437,10.11538462
2013,LOWER WEST SIDE,2,Summer,No,17,36.75587467,9.463446475
2013,LOWER WEST SIDE,2,Summer,No,2,50.58590308,7.378854626
2013,LOWER WEST SIDE,2,Summer,No,25,64.71914894,5.272340426
2013,LOWER WEST SIDE,2,Summer,No,26,44.6955836,8.277602524
2013,LOWER WEST SIDE,2,Summer,No,27,59.15360502,6.112852665
2013,LOWER WEST SIDE,2,Summer,No,28,87,2
2013,LOWER WEST SIDE,2,Summer,No,29,59.46312684,6.073746313
2013,LOWER WEST SIDE,2,Summer,No,3,53,7
2013,LOWER WEST SIDE,2,Summer,No,30,59.47611203,6.089511258
2013,LOWER WEST SIDE,2,Summer,No,31,55.55927396,6.692002269
2013,LOWER WEST SIDE,2,Summer,No,5,63.36607143,5.464285714
2013,LOWER WEST SIDE,2,Summer,No,6,57.10606061,6.482323232
2013,LOWER WEST SIDE,2,Summer,No,7,61.11502347,5.82629108
2013,LOWER WEST SIDE,2,Summer,No,8,56.70909091,6.47012987
2013,LOWER WEST SIDE,2,Summer,No,9,48.35067873,7.755656109
2013,LOWER WEST SIDE,2,Summer,Yes,1,57.12343967,6.46185853
2013,LOWER WEST SIDE,2,Summer,Yes,10,50.43979058,7.460732984
2013,LOWER WEST SIDE,2,Summer,Yes,12,43.63017241,8.45
2013,LOWER WEST SIDE,2,Summer,Yes,13,59.06906475,6.142446043
2013,LOWER WEST SIDE,2,Summer,Yes,14,45.67142857,8.144285714
2013,LOWER WEST SIDE,2,Summer,Yes,15,40.67961165,8.914008322
2013,LOWER WEST SIDE,2,Summer,Yes,16,42.52331962,8.61659808
2013,LOWER WEST SIDE,2,Summer,Yes,17,56.48918269,6.527644231
2013,LOWER WEST SIDE,2,Summer,Yes,2,49.74528302,7.505660377
2013,LOWER WEST SIDE,2,Summer,Yes,25,65.92146597,5.136125654
2013,LOWER WEST SIDE,2,Summer,Yes,26,50.50271739,7.423913043
2013,LOWER WEST SIDE,2,Summer,Yes,27,58.20428336,6.261943987
2013,LOWER WEST SIDE,2,Summer,Yes,29,71.14555874,4.328939828
2013,LOWER WEST SIDE,2,Summer,Yes,3,62.73090909,5.565454545
2013,LOWER WEST SIDE,2,Summer,Yes,30,66.70477569,4.988904969
2013,LOWER WEST SIDE,2,Summer,Yes,31,63.32493573,5.497172237
2013,LOWER WEST SIDE,2,Summer,Yes,5,65.16201117,5.262569832
2013,LOWER WEST SIDE,2,Summer,Yes,6,65.15015244,5.256859756
2013,LOWER WEST SIDE,2,Summer,Yes,7,65.33219178,5.220034247
2013,LOWER WEST SIDE,2,Summer,Yes,8,68.57026477,4.728105906
2013,LOWER WEST SIDE,2,Summer,Yes,9,64.56282272,5.334767642
2013,LOWER WEST SIDE,2,Winter,No,1,51.5,7.285714286
2013,LOWER WEST SIDE,2,Winter,No,10,58.4453125,6.2421875
2013,LOWER WEST SIDE,2,Winter,No,11,69.109375,4.6484375
2013,LOWER WEST SIDE,2,Winter,No,12,73.64393939,3.992424242
2013,LOWER WEST SIDE,2,Winter,No,13,87,2
2013,LOWER WEST SIDE,2,Winter,No,15,74.90909091,3.727272727
2013,LOWER WEST SIDE,2,Winter,No,16,73.73387097,3.89516129
2013,LOWER WEST SIDE,2,Winter,No,17,70.67391304,4.369565217
2013,LOWER WEST SIDE,2,Winter,No,18,71.90909091,4.181818182
2013,LOWER WEST SIDE,2,Winter,No,19,68.84090909,4.666666667
2013,LOWER WEST SIDE,2,Winter,No,20,75.03030303,3.734848485
2013,LOWER WEST SIDE,2,Winter,No,21,71.72222222,4.23015873
2013,LOWER WEST SIDE,2,Winter,No,22,66.5,5
2013,LOWER WEST SIDE,2,Winter,No,3,73.20833333,3.979166667
2013,LOWER WEST SIDE,2,Winter,No,4,75.49230769,3.661538462
2013,LOWER WEST SIDE,2,Winter,No,5,65.2734375,5.2265625
2013,LOWER WEST SIDE,2,Winter,No,6,56.36363636,6.553030303
2013,LOWER WEST SIDE,2,Winter,No,7,67.08333333,4.916666667
2013,LOWER WEST SIDE,2,Winter,No,8,65.17692308,5.230769231
2013,LOWER WEST SIDE,2,Winter,No,9,57.49230769,6.384615385
2013,LOWER WEST SIDE,2,Winter,Yes,10,79.14285714,3.142857143
2013,LOWER WEST SIDE,2,Winter,Yes,11,69.61038961,4.577922078
2013,LOWER WEST SIDE,2,Winter,Yes,12,72.63513514,4.141891892
2013,LOWER WEST SIDE,2,Winter,Yes,13,88.40441176,1.757352941
2013,LOWER WEST SIDE,2,Winter,Yes,16,75.07236842,3.703947368
2013,LOWER WEST SIDE,2,Winter,Yes,17,73.12068966,3.99137931
2013,LOWER WEST SIDE,2,Winter,Yes,18,73.85064935,3.902597403
2013,LOWER WEST SIDE,2,Winter,Yes,19,72.78571429,4.084415584
2013,LOWER WEST SIDE,2,Winter,Yes,20,70.37333333,4.433333333
2013,LOWER WEST SIDE,2,Winter,Yes,21,65.73376623,5.155844156
2013,LOWER WEST SIDE,2,Winter,Yes,3,81.71818182,2.736363636
2013,LOWER WEST SIDE,2,Winter,Yes,4,76.59090909,3.545454545
2013,LOWER WEST SIDE,2,Winter,Yes,5,67.3525641,4.91025641
2013,LOWER WEST SIDE,2,Winter,Yes,6,58.81578947,6.171052632
2013,LOWER WEST SIDE,2,Winter,Yes,7,67.09090909,4.935064935
2013,LOWER WEST SIDE,2,Winter,Yes,8,63.45394737,5.506578947
2013,LOWER WEST SIDE,2,Winter,Yes,9,58.05263158,6.322368421
2013,NEAR NORTH SIDE,4,Fall,No,1,65.82188161,7.811310782
2013,NEAR NORTH SIDE,4,Fall,No,10,68.58141892,7.526351351
2013,NEAR NORTH SIDE,4,Fall,No,11,66.55954039,7.987116992
2013,NEAR NORTH SIDE,4,Fall,No,12,63.02042802,8.565175097
2013,NEAR NORTH SIDE,4,Fall,No,13,71.49200581,6.42369186
2013,NEAR NORTH SIDE,4,Fall,No,14,73.54991394,6.026678141
2013,NEAR NORTH SIDE,4,Fall,No,15,65.74767442,8.044767442
2013,NEAR NORTH SIDE,4,Fall,No,16,67.12316716,7.521260997
2013,NEAR NORTH SIDE,4,Fall,No,17,68.06564465,7.295990566
2013,NEAR NORTH SIDE,4,Fall,No,18,54.44906166,10.53418231
2013,NEAR NORTH SIDE,4,Fall,No,19,62.00888325,8.854060914
2013,NEAR NORTH SIDE,4,Fall,No,2,66.07954545,7.793560606
2013,NEAR NORTH SIDE,4,Fall,No,20,61.40994624,8.936827957
2013,NEAR NORTH SIDE,4,Fall,No,21,59.34102564,9.412820513
2013,NEAR NORTH SIDE,4,Fall,No,22,57.93206522,9.595108696
2013,NEAR NORTH SIDE,4,Fall,No,23,59,9.510174419
2013,NEAR NORTH SIDE,4,Fall,No,24,63.44565217,8.636645963
2013,NEAR NORTH SIDE,4,Fall,No,25,62.76533742,8.52607362
2013,NEAR NORTH SIDE,4,Fall,No,26,63.07458564,8.378453039
2013,NEAR NORTH SIDE,4,Fall,No,27,67.71388889,7.438888889
2013,NEAR NORTH SIDE,4,Fall,No,28,60.24487179,9.120512821
2013,NEAR NORTH SIDE,4,Fall,No,29,54.6928934,10.38324873
2013,NEAR NORTH SIDE,4,Fall,No,3,76.71980337,5.393960674
2013,NEAR NORTH SIDE,4,Fall,No,30,64.04081633,8.354591837
2013,NEAR NORTH SIDE,4,Fall,No,31,50.45454545,11.38181818
2013,NEAR NORTH SIDE,4,Fall,No,4,74.32767722,5.965686275
2013,NEAR NORTH SIDE,4,Fall,No,5,69.95954003,6.836882453
2013,NEAR NORTH SIDE,4,Fall,No,6,78.54743224,4.958987161
2013,NEAR NORTH SIDE,4,Fall,No,7,63.8572695,8.383865248
2013,NEAR NORTH SIDE,4,Fall,No,8,66.50825083,7.975247525
2013,NEAR NORTH SIDE,4,Fall,No,9,70.44642857,7.029017857
2013,NEAR NORTH SIDE,4,Fall,Yes,1,55.29753521,10.38204225
2013,NEAR NORTH SIDE,4,Fall,Yes,10,56.95757919,9.975395928
2013,NEAR NORTH SIDE,4,Fall,Yes,11,51.99418605,11.17656059
2013,NEAR NORTH SIDE,4,Fall,Yes,12,50.61140167,11.33106695
2013,NEAR NORTH SIDE,4,Fall,Yes,13,62.55855162,8.349768875
2013,NEAR NORTH SIDE,4,Fall,Yes,14,74.34330299,5.934980494
2013,NEAR NORTH SIDE,4,Fall,Yes,15,65.0004529,8.002717391
2013,NEAR NORTH SIDE,4,Fall,Yes,16,58.57103611,9.405416013
2013,NEAR NORTH SIDE,4,Fall,Yes,17,59.86766542,9.00093633
2013,NEAR NORTH SIDE,4,Fall,Yes,18,46.56756757,12.17989865
2013,NEAR NORTH SIDE,4,Fall,Yes,19,49.66956522,11.61847826
2013,NEAR NORTH SIDE,4,Fall,Yes,2,57.61850649,9.732142857
2013,NEAR NORTH SIDE,4,Fall,Yes,20,51.86127168,11.02023121
2013,NEAR NORTH SIDE,4,Fall,Yes,21,53.88793103,10.57974138
2013,NEAR NORTH SIDE,4,Fall,Yes,22,53.515625,10.56850962
2013,NEAR NORTH SIDE,4,Fall,Yes,23,54.80074257,10.35024752
2013,NEAR NORTH SIDE,4,Fall,Yes,24,55.53609626,10.24465241
2013,NEAR NORTH SIDE,4,Fall,Yes,25,53.73843931,10.57947977
2013,NEAR NORTH SIDE,4,Fall,Yes,26,53.83486239,10.40137615
2013,NEAR NORTH SIDE,4,Fall,Yes,27,60.17713004,9.119955157
2013,NEAR NORTH SIDE,4,Fall,Yes,28,60.2027897,9.108369099
2013,NEAR NORTH SIDE,4,Fall,Yes,29,60.64393939,9.064935065
2013,NEAR NORTH SIDE,4,Fall,Yes,3,57.4189847,9.658553547
2013,NEAR NORTH SIDE,4,Fall,Yes,30,55.7673913,10.24130435
2013,NEAR NORTH SIDE,4,Fall,Yes,31,46.95454545,12.20454545
2013,NEAR NORTH SIDE,4,Fall,Yes,4,57.98617021,9.641489362
2013,NEAR NORTH SIDE,4,Fall,Yes,5,64.10192308,7.958653846
2013,NEAR NORTH SIDE,4,Fall,Yes,6,69.80661094,6.900835866
2013,NEAR NORTH SIDE,4,Fall,Yes,7,64.49576923,8.263846154
2013,NEAR NORTH SIDE,4,Fall,Yes,8,61.65441176,9.045343137
2013,NEAR NORTH SIDE,4,Fall,Yes,9,59.89057377,9.195901639
2013,NEAR NORTH SIDE,4,Summer,No,1,69.08461538,7.097802198
2013,NEAR NORTH SIDE,4,Summer,No,10,65.18508772,7.956140351
2013,NEAR NORTH SIDE,4,Summer,No,12,48.8625,11.3875
2013,NEAR NORTH SIDE,4,Summer,No,13,58.33085809,9.353960396
2013,NEAR NORTH SIDE,4,Summer,No,14,63.18166667,8.590833333
2013,NEAR NORTH SIDE,4,Summer,No,15,55.60644372,10.17169657
2013,NEAR NORTH SIDE,4,Summer,No,16,59.21563011,9.366612111
2013,NEAR NORTH SIDE,4,Summer,No,17,64.41318538,8.208224543
2013,NEAR NORTH SIDE,4,Summer,No,18,76.85026738,5.320855615
2013,NEAR NORTH SIDE,4,Summer,No,19,55.70178926,10.17892644
2013,NEAR NORTH SIDE,4,Summer,No,2,81.21035242,4.556167401
2013,NEAR NORTH SIDE,4,Summer,No,20,72.4953125,6.4046875
2013,NEAR NORTH SIDE,4,Summer,No,21,74.625,5.84375
2013,NEAR NORTH SIDE,4,Summer,No,22,46.99122807,12.1622807
2013,NEAR NORTH SIDE,4,Summer,No,23,49.31496063,11.68188976
2013,NEAR NORTH SIDE,4,Summer,No,24,55.66085578,10.22979398
2013,NEAR NORTH SIDE,4,Summer,No,25,51.01092044,11.29329173
2013,NEAR NORTH SIDE,4,Summer,No,26,44.31545741,12.79022082
2013,NEAR NORTH SIDE,4,Summer,No,27,42.2492163,13.24137931
2013,NEAR NORTH SIDE,4,Summer,No,28,39,14
2013,NEAR NORTH SIDE,4,Summer,No,29,71.76413428,6.472614841
2013,NEAR NORTH SIDE,4,Summer,No,3,82.11518987,4.340506329
2013,NEAR NORTH SIDE,4,Summer,No,30,68.80554638,7.271706834
2013,NEAR NORTH SIDE,4,Summer,No,31,66.77796902,7.606540448
2013,NEAR NORTH SIDE,4,Summer,No,5,63.3125,8.309151786
2013,NEAR NORTH SIDE,4,Summer,No,6,58.18497475,9.468434343
2013,NEAR NORTH SIDE,4,Summer,No,7,69.40532081,7.680751174
2013,NEAR NORTH SIDE,4,Summer,No,8,72.68744589,6.778354978
2013,NEAR NORTH SIDE,4,Summer,No,9,66.83861237,8.078431373
2013,NEAR NORTH SIDE,4,Summer,Yes,1,55.12660256,10.51442308
2013,NEAR NORTH SIDE,4,Summer,Yes,10,63.19458988,8.62390925
2013,NEAR NORTH SIDE,4,Summer,Yes,12,55.84525862,9.906465517
2013,NEAR NORTH SIDE,4,Summer,Yes,13,55.41978417,9.865467626
2013,NEAR NORTH SIDE,4,Summer,Yes,14,48.85714286,11.85714286
2013,NEAR NORTH SIDE,4,Summer,Yes,15,54.9795423,10.110957
2013,NEAR NORTH SIDE,4,Summer,Yes,16,45.90294925,12.38168724
2013,NEAR NORTH SIDE,4,Summer,Yes,17,64.22475962,8.269831731
2013,NEAR NORTH SIDE,4,Summer,Yes,18,67.63109756,7.445121951
2013,NEAR NORTH SIDE,4,Summer,Yes,19,51.80972516,11.10993658
2013,NEAR NORTH SIDE,4,Summer,Yes,2,71.36037736,6.714150943
2013,NEAR NORTH SIDE,4,Summer,Yes,20,77.60500695,5.198887344
2013,NEAR NORTH SIDE,4,Summer,Yes,22,67.74141414,7.432323232
2013,NEAR NORTH SIDE,4,Summer,Yes,23,51.04991681,11.25790349
2013,NEAR NORTH SIDE,4,Summer,Yes,24,58.62569061,9.511049724
2013,NEAR NORTH SIDE,4,Summer,Yes,25,42.77437326,13.15181058
2013,NEAR NORTH SIDE,4,Summer,Yes,26,39.96603261,13.81793478
2013,NEAR NORTH SIDE,4,Summer,Yes,27,61.80065898,8.787479407
2013,NEAR NORTH SIDE,4,Summer,Yes,29,64.85843478,8.188869565
2013,NEAR NORTH SIDE,4,Summer,Yes,3,82.78181818,4.064545455
2013,NEAR NORTH SIDE,4,Summer,Yes,30,54.26256823,10.41080149
2013,NEAR NORTH SIDE,4,Summer,Yes,31,63.02291731,8.475069681
2013,NEAR NORTH SIDE,4,Summer,Yes,5,60.95949721,8.772811918
2013,NEAR NORTH SIDE,4,Summer,Yes,6,52.08307927,10.89634146
2013,NEAR NORTH SIDE,4,Summer,Yes,7,59.22734335,9.605903677
2013,NEAR NORTH SIDE,4,Summer,Yes,8,49.83706721,11.80583842
2013,NEAR NORTH SIDE,4,Summer,Yes,9,45.85312679,12.92885829
2013,NEAR NORTH SIDE,4,Winter,No,1,58.32142857,9.607142857
2013,NEAR NORTH SIDE,4,Winter,No,10,73.484375,6.203125
2013,NEAR NORTH SIDE,4,Winter,No,11,70.13671875,7.07421875
2013,NEAR NORTH SIDE,4,Winter,No,12,62.34469697,8.806818182
2013,NEAR NORTH SIDE,4,Winter,No,13,56.5,10.08536585
2013,NEAR NORTH SIDE,4,Winter,No,15,55.90909091,10.09090909
2013,NEAR NORTH SIDE,4,Winter,No,16,57.34677419,9.762096774
2013,NEAR NORTH SIDE,4,Winter,No,17,60.70652174,8.934782609
2013,NEAR NORTH SIDE,4,Winter,No,18,68.51893939,7.056818182
2013,NEAR NORTH SIDE,4,Winter,No,19,71.84469697,6.064393939
2013,NEAR NORTH SIDE,4,Winter,No,20,63.54924242,7.977272727
2013,NEAR NORTH SIDE,4,Winter,No,21,61.55555556,8.630952381
2013,NEAR NORTH SIDE,4,Winter,No,22,56.75,10
2013,NEAR NORTH SIDE,4,Winter,No,3,66.60416667,7.541666667
2013,NEAR NORTH SIDE,4,Winter,No,4,70.67307692,6.634615385
2013,NEAR NORTH SIDE,4,Winter,No,5,75.5625,5.5625
2013,NEAR NORTH SIDE,4,Winter,No,6,67.32954545,7.382575758
2013,NEAR NORTH SIDE,4,Winter,No,7,55.51515152,9.814393939
2013,NEAR NORTH SIDE,4,Winter,No,8,59.00769231,9.230769231
2013,NEAR NORTH SIDE,4,Winter,No,9,66.95769231,7.565384615
2013,NEAR NORTH SIDE,4,Winter,Yes,10,70.54545455,6.873376623
2013,NEAR NORTH SIDE,4,Winter,Yes,11,75.31168831,5.909090909
2013,NEAR NORTH SIDE,4,Winter,Yes,12,62.49324324,8.72972973
2013,NEAR NORTH SIDE,4,Winter,Yes,13,51.76470588,11.20220588
2013,NEAR NORTH SIDE,4,Winter,Yes,16,54.78289474,10.16118421
2013,NEAR NORTH SIDE,4,Winter,Yes,17,46.79741379,11.86637931
2013,NEAR NORTH SIDE,4,Winter,Yes,18,62.08766234,8.519480519
2013,NEAR NORTH SIDE,4,Winter,Yes,19,61.43831169,8.275974026
2013,NEAR NORTH SIDE,4,Winter,Yes,20,66.99666667,7.336666667
2013,NEAR NORTH SIDE,4,Winter,Yes,21,59.92857143,8.876623377
2013,NEAR NORTH SIDE,4,Winter,Yes,3,58.33636364,9.7
2013,NEAR NORTH SIDE,4,Winter,Yes,4,61.03246753,8.782467532
2013,NEAR NORTH SIDE,4,Winter,Yes,5,69.40064103,6.987179487
2013,NEAR NORTH SIDE,4,Winter,Yes,6,72.91776316,6.085526316
2013,NEAR NORTH SIDE,4,Winter,Yes,7,54.54220779,10.0487013
2013,NEAR NORTH SIDE,4,Winter,Yes,8,61.49013158,8.664473684
2013,NEAR NORTH SIDE,4,Winter,Yes,9,64.97697368,7.986842105
2013,NEAR WEST SIDE,5,Fall,No,1,67.83298097,5.701057082
2013,NEAR WEST SIDE,5,Fall,No,10,70.47378378,4.960540541
2013,NEAR WEST SIDE,5,Fall,No,11,74.35849582,4.389693593
2013,NEAR WEST SIDE,5,Fall,No,12,71.45953307,4.928015564
2013,NEAR WEST SIDE,5,Fall,No,13,63.89709302,6.16627907
2013,NEAR WEST SIDE,5,Fall,No,14,68.95180723,5.248537005
2013,NEAR WEST SIDE,5,Fall,No,15,67.00511628,5.615813953
2013,NEAR WEST SIDE,5,Fall,No,16,62.42991202,6.550733138
2013,NEAR WEST SIDE,5,Fall,No,17,60.35062893,6.815408805
2013,NEAR WEST SIDE,5,Fall,No,18,71.92493298,4.851474531
2013,NEAR WEST SIDE,5,Fall,No,19,64.1177665,6.21319797
2013,NEAR WEST SIDE,5,Fall,No,2,62.55606061,6.477272727
2013,NEAR WEST SIDE,5,Fall,No,20,67.06989247,5.707526882
2013,NEAR WEST SIDE,5,Fall,No,21,66.94153846,5.704615385
2013,NEAR WEST SIDE,5,Fall,No,22,62.53043478,6.448913043
2013,NEAR WEST SIDE,5,Fall,No,23,62.54418605,6.462790698
2013,NEAR WEST SIDE,5,Fall,No,24,65.34037267,6.045962733
2013,NEAR WEST SIDE,5,Fall,No,25,66.34969325,5.793865031
2013,NEAR WEST SIDE,5,Fall,No,26,70.04088398,5.089502762
2013,NEAR WEST SIDE,5,Fall,No,27,67.65666667,5.534444444
2013,NEAR WEST SIDE,5,Fall,No,28,64.21538462,6.198974359
2013,NEAR WEST SIDE,5,Fall,No,29,67.08324873,5.620304569
2013,NEAR WEST SIDE,5,Fall,No,3,66.03820225,5.806741573
2013,NEAR WEST SIDE,5,Fall,No,30,67.57959184,5.536734694
2013,NEAR WEST SIDE,5,Fall,No,31,56.56363636,7.461818182
2013,NEAR WEST SIDE,5,Fall,No,4,71.98431373,4.825037707
2013,NEAR WEST SIDE,5,Fall,No,5,72.07393526,4.853833049
2013,NEAR WEST SIDE,5,Fall,No,6,65.47161198,5.936661912
2013,NEAR WEST SIDE,5,Fall,No,7,71.1,4.84929078
2013,NEAR WEST SIDE,5,Fall,No,8,65.44752475,6.067326733
2013,NEAR WEST SIDE,5,Fall,No,9,75.59166667,4.110714286
2013,NEAR WEST SIDE,5,Fall,Yes,1,63.74647887,6.298591549
2013,NEAR WEST SIDE,5,Fall,Yes,10,69.94162896,5.126696833
2013,NEAR WEST SIDE,5,Fall,Yes,11,68.3130967,5.525091799
2013,NEAR WEST SIDE,5,Fall,Yes,12,60.51422594,6.809205021
2013,NEAR WEST SIDE,5,Fall,Yes,13,64.0788906,6.134360555
2013,NEAR WEST SIDE,5,Fall,Yes,14,69.81222367,5.122236671
2013,NEAR WEST SIDE,5,Fall,Yes,15,65.35615942,5.925
2013,NEAR WEST SIDE,5,Fall,Yes,16,59.65463108,7.04678179
2013,NEAR WEST SIDE,5,Fall,Yes,17,56.88289638,7.422721598
2013,NEAR WEST SIDE,5,Fall,Yes,18,66.82567568,5.689864865
2013,NEAR WEST SIDE,5,Fall,Yes,19,62.03304348,6.571304348
2013,NEAR WEST SIDE,5,Fall,Yes,2,53.13506494,8.144155844
2013,NEAR WEST SIDE,5,Fall,Yes,20,68.01040462,5.597687861
2013,NEAR WEST SIDE,5,Fall,Yes,21,63.10862069,6.328448276
2013,NEAR WEST SIDE,5,Fall,Yes,22,63.3125,6.326923077
2013,NEAR WEST SIDE,5,Fall,Yes,23,59.25940594,7.015841584
2013,NEAR WEST SIDE,5,Fall,Yes,24,58.74010695,7.113368984
2013,NEAR WEST SIDE,5,Fall,Yes,25,59.94566474,6.943352601
2013,NEAR WEST SIDE,5,Fall,Yes,26,59.74954128,6.862385321
2013,NEAR WEST SIDE,5,Fall,Yes,27,64.5103139,6.051121076
2013,NEAR WEST SIDE,5,Fall,Yes,28,60.75536481,6.757081545
2013,NEAR WEST SIDE,5,Fall,Yes,29,67.07359307,5.621645022
2013,NEAR WEST SIDE,5,Fall,Yes,3,53.96940195,7.940472879
2013,NEAR WEST SIDE,5,Fall,Yes,30,61.68608696,6.58173913
2013,NEAR WEST SIDE,5,Fall,Yes,31,59.22727273,6.915151515
2013,NEAR WEST SIDE,5,Fall,Yes,4,59.51460993,6.994042553
2013,NEAR WEST SIDE,5,Fall,Yes,5,65.1474359,6.021282051
2013,NEAR WEST SIDE,5,Fall,Yes,6,63.50273556,6.194528875
2013,NEAR WEST SIDE,5,Fall,Yes,7,65.66861538,5.801538462
2013,NEAR WEST SIDE,5,Fall,Yes,8,60.07009804,6.87377451
2013,NEAR WEST SIDE,5,Fall,Yes,9,64.49672131,6.21704918
2013,NEAR WEST SIDE,5,Summer,No,1,51.39348371,7.775062657
2013,NEAR WEST SIDE,5,Summer,No,10,56.14684211,7.270526316
2013,NEAR WEST SIDE,5,Summer,No,12,57.18181818,7.389090909
2013,NEAR WEST SIDE,5,Summer,No,13,53.17227723,8.202970297
2013,NEAR WEST SIDE,5,Summer,No,14,55.03033333,7.801333333
2013,NEAR WEST SIDE,5,Summer,No,15,46.25350734,9.241435563
2013,NEAR WEST SIDE,5,Summer,No,16,59.2212766,6.976759411
2013,NEAR WEST SIDE,5,Summer,No,17,63.81462141,6.285117493
2013,NEAR WEST SIDE,5,Summer,No,2,57.68722467,6.606461087
2013,NEAR WEST SIDE,5,Summer,No,29,65.63198672,5.812396237
2013,NEAR WEST SIDE,5,Summer,No,3,64.12658228,5.791561181
2013,NEAR WEST SIDE,5,Summer,No,30,63.90018522,6.156822391
2013,NEAR WEST SIDE,5,Summer,No,31,61.81305638,6.409707503
2013,NEAR WEST SIDE,5,Summer,No,5,57.42113095,6.983630952
2013,NEAR WEST SIDE,5,Summer,No,6,61.56060606,6.348484848
2013,NEAR WEST SIDE,5,Summer,No,7,52.16150235,8.403755869
2013,NEAR WEST SIDE,5,Summer,No,8,47.95636364,9.034805195
2013,NEAR WEST SIDE,5,Summer,No,9,63.45158371,6.168325792
2013,NEAR WEST SIDE,5,Summer,Yes,1,65.25335183,5.539528433
2013,NEAR WEST SIDE,5,Summer,Yes,10,58.88848168,7.02513089
2013,NEAR WEST SIDE,5,Summer,Yes,12,54.22448276,8.042068966
2013,NEAR WEST SIDE,5,Summer,Yes,13,55.42676259,7.745611511
2013,NEAR WEST SIDE,5,Summer,Yes,14,50.73628571,8.459428571
2013,NEAR WEST SIDE,5,Summer,Yes,15,48.0554785,8.955617198
2013,NEAR WEST SIDE,5,Summer,Yes,16,57.62688615,7.329766804
2013,NEAR WEST SIDE,5,Summer,Yes,17,58.39423077,7.138461538
2013,NEAR WEST SIDE,5,Summer,Yes,2,78.99811321,3.418238994
2013,NEAR WEST SIDE,5,Summer,Yes,29,57.9346468,7.434166266
2013,NEAR WEST SIDE,5,Summer,Yes,3,64.33393939,5.858787879
2013,NEAR WEST SIDE,5,Summer,Yes,30,54.84569356,7.61831369
2013,NEAR WEST SIDE,5,Summer,Yes,31,59.08781051,6.858655883
2013,NEAR WEST SIDE,5,Summer,Yes,5,51.4034761,8
2013,NEAR WEST SIDE,5,Summer,Yes,6,61.78537302,6.490260933
2013,NEAR WEST SIDE,5,Summer,Yes,7,58.88869863,7.135958904
2013,NEAR WEST SIDE,5,Summer,Yes,8,56.85295316,7.527494908
2013,NEAR WEST SIDE,5,Summer,Yes,9,56.18141136,7.215834768
2013,NEAR WEST SIDE,5,Winter,No,1,70.26666667,5.20952381
2013,NEAR WEST SIDE,5,Winter,No,10,63.809375,6.29375
2013,NEAR WEST SIDE,5,Winter,No,11,58.809375,7.14375
2013,NEAR WEST SIDE,5,Winter,No,12,55.96666667,7.621212121
2013,NEAR WEST SIDE,5,Winter,No,13,56.88780488,7.380487805
2013,NEAR WEST SIDE,5,Winter,No,15,68.27272727,5.545454545
2013,NEAR WEST SIDE,5,Winter,No,16,68.84193548,5.45483871
2013,NEAR WEST SIDE,5,Winter,No,17,70.67826087,4.895652174
2013,NEAR WEST SIDE,5,Winter,No,18,73.73636364,4.363636364
2013,NEAR WEST SIDE,5,Winter,No,19,74.41212121,4.278787879
2013,NEAR WEST SIDE,5,Winter,No,20,66.29090909,5.751515152
2013,NEAR WEST SIDE,5,Winter,No,21,56.83174603,7.387301587
2013,NEAR WEST SIDE,5,Winter,No,22,52.38181818,8.127272727
2013,NEAR WEST SIDE,5,Winter,No,3,73.40833333,4.308333333
2013,NEAR WEST SIDE,5,Winter,No,4,71.50461538,4.793846154
2013,NEAR WEST SIDE,5,Winter,No,5,71.465625,4.84375
2013,NEAR WEST SIDE,5,Winter,No,6,64.67272727,6.042424242
2013,NEAR WEST SIDE,5,Winter,No,7,66.21212121,5.83030303
2013,NEAR WEST SIDE,5,Winter,No,8,63.11384615,6.458461538
2013,NEAR WEST SIDE,5,Winter,No,9,62.94769231,6.510769231
2013,NEAR WEST SIDE,5,Winter,Yes,10,62.60779221,6.581818182
2013,NEAR WEST SIDE,5,Winter,Yes,11,54.35324675,7.98961039
2013,NEAR WEST SIDE,5,Winter,Yes,12,57.72972973,7.362162162
2013,NEAR WEST SIDE,5,Winter,Yes,13,59.27941176,6.988235294
2013,NEAR WEST SIDE,5,Winter,Yes,16,68.86315789,5.463157895
2013,NEAR WEST SIDE,5,Winter,Yes,17,66.27931034,5.831034483
2013,NEAR WEST SIDE,5,Winter,Yes,18,71.50649351,4.727272727
2013,NEAR WEST SIDE,5,Winter,Yes,19,69.7974026,5
2013,NEAR WEST SIDE,5,Winter,Yes,20,57.41866667,7.232
2013,NEAR WEST SIDE,5,Winter,Yes,21,55.35844156,7.581818182
2013,NEAR WEST SIDE,5,Winter,Yes,3,71.12,4.854545455
2013,NEAR WEST SIDE,5,Winter,Yes,4,69.00779221,5.363636364
2013,NEAR WEST SIDE,5,Winter,Yes,5,72.47179487,4.823076923
2013,NEAR WEST SIDE,5,Winter,Yes,6,66.21052632,5.815789474
2013,NEAR WEST SIDE,5,Winter,Yes,7,68.46753247,5.47012987
2013,NEAR WEST SIDE,5,Winter,Yes,8,64.28157895,6.223684211
2013,NEAR WEST SIDE,5,Winter,Yes,9,61.53421053,6.807894737
2013,WEST TOWN,2,Fall,No,1,52.89640592,7.054968288
2013,WEST TOWN,2,Fall,No,10,33.87432432,9.917567568
2013,WEST TOWN,2,Fall,No,11,51.04108635,7.337743733
2013,WEST TOWN,2,Fall,No,12,62.44066148,5.642023346
2013,WEST TOWN,2,Fall,No,13,45.05959302,8.23255814
2013,WEST TOWN,2,Fall,No,14,60.07401033,5.991394148
2013,WEST TOWN,2,Fall,No,15,50.61860465,7.408139535
2013,WEST TOWN,2,Fall,No,16,44.83870968,8.219941349
2013,WEST TOWN,2,Fall,No,17,54.57468553,6.804245283
2013,WEST TOWN,2,Fall,No,18,43.94504021,8.379356568
2013,WEST TOWN,2,Fall,No,19,45.62436548,8.134517766
2013,WEST TOWN,2,Fall,No,2,40.28030303,8.965909091
2013,WEST TOWN,2,Fall,No,20,48.77150538,7.666666667
2013,WEST TOWN,2,Fall,No,21,45.14358974,8.235897436
2013,WEST TOWN,2,Fall,No,22,41.91847826,8.717391304
2013,WEST TOWN,2,Fall,No,23,45.56104651,8.165697674
2013,WEST TOWN,2,Fall,No,24,44.34161491,8.350931677
2013,WEST TOWN,2,Fall,No,25,45.95705521,8.104294479
2013,WEST TOWN,2,Fall,No,26,41.91712707,8.715469613
2013,WEST TOWN,2,Fall,No,27,47.97222222,7.802777778
2013,WEST TOWN,2,Fall,No,28,50.54615385,7.41025641
2013,WEST TOWN,2,Fall,No,29,42.05076142,8.697969543
2013,WEST TOWN,2,Fall,No,3,41.43117978,8.783707865
2013,WEST TOWN,2,Fall,No,30,49.04591837,7.630102041
2013,WEST TOWN,2,Fall,No,31,30.19090909,10.43636364
2013,WEST TOWN,2,Fall,No,4,41.13273002,8.840874811
2013,WEST TOWN,2,Fall,No,5,49.61925043,7.567291312
2013,WEST TOWN,2,Fall,No,6,50.43152639,7.442225392
2013,WEST TOWN,2,Fall,No,7,72.97163121,4.062056738
2013,WEST TOWN,2,Fall,No,8,53.85148515,6.922442244
2013,WEST TOWN,2,Fall,No,9,42.38244048,8.648809524
2013,WEST TOWN,2,Fall,Yes,1,67.61267606,4.852112676
2013,WEST TOWN,2,Fall,Yes,10,58.29581448,6.247171946
2013,WEST TOWN,2,Fall,Yes,11,65.63402693,5.151162791
2013,WEST TOWN,2,Fall,Yes,12,73.66422594,3.964435146
2013,WEST TOWN,2,Fall,Yes,13,65.85362096,5.093990755
2013,WEST TOWN,2,Fall,Yes,14,72.83029909,4.072821847
2013,WEST TOWN,2,Fall,Yes,15,53.2807971,7.003623188
2013,WEST TOWN,2,Fall,Yes,16,66.95133438,4.927786499
2013,WEST TOWN,2,Fall,Yes,17,75.90699126,3.605493134
2013,WEST TOWN,2,Fall,Yes,18,62.69763514,5.587837838
2013,WEST TOWN,2,Fall,Yes,19,53.31956522,7
2013,WEST TOWN,2,Fall,Yes,2,62.83441558,5.564935065
2013,WEST TOWN,2,Fall,Yes,20,55.61271676,6.658959538
2013,WEST TOWN,2,Fall,Yes,21,65.81681034,5.127155172
2013,WEST TOWN,2,Fall,Yes,22,57.75721154,6.334134615
2013,WEST TOWN,2,Fall,Yes,23,66.19554455,5.071782178
2013,WEST TOWN,2,Fall,Yes,24,62.70855615,5.593582888
2013,WEST TOWN,2,Fall,Yes,25,68.97109827,4.647398844
2013,WEST TOWN,2,Fall,Yes,26,60.99311927,5.848623853
2013,WEST TOWN,2,Fall,Yes,27,62.67713004,5.603139013
2013,WEST TOWN,2,Fall,Yes,28,57.06008584,6.435622318
2013,WEST TOWN,2,Fall,Yes,29,56.6969697,6.506493506
2013,WEST TOWN,2,Fall,Yes,3,63.92489569,5.410292072
2013,WEST TOWN,2,Fall,Yes,30,61.3173913,5.813043478
2013,WEST TOWN,2,Fall,Yes,31,42.81060606,8.598484848
2013,WEST TOWN,2,Fall,Yes,4,61.10567376,5.839007092
2013,WEST TOWN,2,Fall,Yes,5,70.42371795,4.43525641
2013,WEST TOWN,2,Fall,Yes,6,67.56914894,4.861702128
2013,WEST TOWN,2,Fall,Yes,7,67.22692308,4.916923077
2013,WEST TOWN,2,Fall,Yes,8,51.96568627,7.206495098
2013,WEST TOWN,2,Fall,Yes,9,71.01393443,4.344262295
2013,WEST TOWN,2,Summer,No,1,31.56954887,10.27819549
2013,WEST TOWN,2,Summer,No,10,52.66315789,7.117105263
2013,WEST TOWN,2,Summer,No,12,53.38181818,7.002272727
2013,WEST TOWN,2,Summer,No,13,43.10148515,8.531353135
2013,WEST TOWN,2,Summer,No,14,23.19583333,11.54583333
2013,WEST TOWN,2,Summer,No,15,32.07014682,10.16721044
2013,WEST TOWN,2,Summer,No,16,38.34615385,9.238134206
2013,WEST TOWN,2,Summer,No,17,79.39033943,3.088772846
2013,WEST TOWN,2,Summer,No,2,54.86343612,6.766519824
2013,WEST TOWN,2,Summer,No,26,59.26,4.044052863
2013,WEST TOWN,2,Summer,No,27,42.39028213,8.639498433
2013,WEST TOWN,2,Summer,No,28,70.39004149,4.456431535
2013,WEST TOWN,2,Summer,No,29,38.65781711,9.203539823
2013,WEST TOWN,2,Summer,No,3,35.01012658,9.711392405
2013,WEST TOWN,2,Summer,No,30,38.80120813,9.19549698
2013,WEST TOWN,2,Summer,No,31,40.7197958,8.900737379
2013,WEST TOWN,2,Summer,No,5,51.921875,7.212053571
2013,WEST TOWN,2,Summer,No,6,40.21590909,8.96969697
2013,WEST TOWN,2,Summer,No,7,35.33802817,9.694835681
2013,WEST TOWN,2,Summer,No,8,26.5,11
2013,WEST TOWN,2,Summer,No,9,59.56334842,6.07239819
2013,WEST TOWN,2,Summer,Yes,1,59.19972261,6.122052705
2013,WEST TOWN,2,Summer,Yes,10,57.54973822,6.367801047
2013,WEST TOWN,2,Summer,Yes,12,75.52672414,3.668103448
2013,WEST TOWN,2,Summer,Yes,13,67.50215827,4.878417266
2013,WEST TOWN,2,Summer,Yes,14,61.08357143,5.834285714
2013,WEST TOWN,2,Summer,Yes,15,61.59153953,5.763522885
2013,WEST TOWN,2,Summer,Yes,16,77.38683128,3.388203018
2013,WEST TOWN,2,Summer,Yes,17,63.63341346,5.443509615
2013,WEST TOWN,2,Summer,Yes,2,55.33773585,6.68490566
2013,WEST TOWN,2,Summer,Yes,27,45.74629325,8.140032949
2013,WEST TOWN,2,Summer,Yes,29,54.19197708,6.873352436
2013,WEST TOWN,2,Summer,Yes,3,75.94,3.607272727
2013,WEST TOWN,2,Summer,Yes,30,49.39556199,7.58948384
2013,WEST TOWN,2,Summer,Yes,31,53.69511568,6.942930591
2013,WEST TOWN,2,Summer,Yes,5,57.97299814,6.322160149
2013,WEST TOWN,2,Summer,Yes,6,52.41463415,7.133384146
2013,WEST TOWN,2,Summer,Yes,7,53.49571918,6.957191781
2013,WEST TOWN,2,Summer,Yes,8,57.97556008,6.306517312
2013,WEST TOWN,2,Summer,Yes,9,63.55421687,5.452667814
2013,WEST TOWN,2,Winter,No,1,69.5,4.595238095
2013,WEST TOWN,2,Winter,No,10,56.6796875,6.5
2013,WEST TOWN,2,Winter,No,11,70.09375,4.484375
2013,WEST TOWN,2,Winter,No,12,54.81060606,6.787878788
2013,WEST TOWN,2,Winter,No,13,36.93902439,9.43902439
2013,WEST TOWN,2,Winter,No,15,63.27272727,5.5
2013,WEST TOWN,2,Winter,No,16,65.75,5.120967742
2013,WEST TOWN,2,Winter,No,17,55.58695652,6.695652174
2013,WEST TOWN,2,Winter,No,18,49.41666667,7.575757576
2013,WEST TOWN,2,Winter,No,19,37.06818182,9.439393939
2013,WEST TOWN,2,Winter,No,20,33.08333333,10.00757576
2013,WEST TOWN,2,Winter,No,21,56.6984127,6.484126984
2013,WEST TOWN,2,Winter,No,22,62.54545455,5.590909091
2013,WEST TOWN,2,Winter,No,3,38.64583333,9
2013,WEST TOWN,2,Winter,No,4,40.83076923,8.876923077
2013,WEST TOWN,2,Winter,No,5,43.59375,8.4765625
2013,WEST TOWN,2,Winter,No,6,58.65151515,6.212121212
2013,WEST TOWN,2,Winter,No,7,67.36363636,4.871212121
2013,WEST TOWN,2,Winter,No,8,60.83076923,5.861538462
2013,WEST TOWN,2,Winter,No,9,60.62307692,5.892307692
2013,WEST TOWN,2,Winter,Yes,10,67.8961039,4.824675325
2013,WEST TOWN,2,Winter,Yes,11,79.35714286,3.097402597
2013,WEST TOWN,2,Winter,Yes,12,65.14864865,5.243243243
2013,WEST TOWN,2,Winter,Yes,13,59.75735294,6.036764706
2013,WEST TOWN,2,Winter,Yes,16,69.51973684,4.565789474
2013,WEST TOWN,2,Winter,Yes,17,75.19827586,3.706896552
2013,WEST TOWN,2,Winter,Yes,18,66.04545455,5.071428571
2013,WEST TOWN,2,Winter,Yes,19,63.72077922,5.435064935
2013,WEST TOWN,2,Winter,Yes,20,49.90666667,7.513333333
2013,WEST TOWN,2,Winter,Yes,21,61.51948052,5.746753247
2013,WEST TOWN,2,Winter,Yes,3,69.8,4.418181818
2013,WEST TOWN,2,Winter,Yes,4,69.81168831,4.493506494
2013,WEST TOWN,2,Winter,Yes,5,79.03205128,3.16025641
2013,WEST TOWN,2,Winter,Yes,6,69.15131579,4.618421053
2013,WEST TOWN,2,Winter,Yes,7,69.23376623,4.61038961
2013,WEST TOWN,2,Winter,Yes,8,63.66447368,5.427631579
2013,WEST TOWN,2,Winter,Yes,9,70.63815789,4.375
